Constituency,Const. No.,Leading Candidate,Leading Party,Leading In,Won In,Trailing In,Trailing Candidate,Trailing Party,Leading In.1,Won In.1,Trailing In.1,  Margin,Round,Status,SheetName,STATES,Candidate,Party,EVM Votes,Postal Votes,Total Votes,% of Votes
Achanta,56.0,SATYANARAYANA PITHANI,Telugu Desam,0.0,135.0,0.0,CHERUKUVADA SRI RANGANADHA RAJU,Yuvajana Sramika Rythu Congress Party,0.0,11.0,0.0,26554,14/14,Result Declared,Andhra,,,,,,,
Addanki,105.0,GOTTIPATI RAVI KUMAR,Telugu Desam,0.0,135.0,0.0,CHINNA HANIMIREDDY PANEM,Yuvajana Sramika Rythu Congress Party,0.0,11.0,0.0,24890,22/22,Result Declared,Andhra,,,,,,,
Adoni,146.0,DR. PARTHA SARATHI VALMIKI,Bharatiya Janata Party,0.0,8.0,0.0,Y. SAI PRASAD REDDY,Yuvajana Sramika Rythu Congress Party,0.0,11.0,0.0,18164,19/19,Result Declared,Andhra,,,,,,,
Allagadda,134.0,AKHILA PRIYA BHUMA,Telugu Desam,0.0,135.0,0.0,BRIJENDRA REDDY GANGULA (NANI),Yuvajana Sramika Rythu Congress Party,0.0,11.0,0.0,12037,22/22,Result Declared,Andhra,,,,,,,
Alur,147.0,B. VIRUPAKSHI,Yuvajana Sramika Rythu Congress Party,0.0,11.0,0.0,B. VEERABHADRA GOWD,Telugu Desam,0.0,135.0,0.0,2831,21/21,Result Declared,Andhra,,,,,,,
Amadalavalasa,6.0,KOONA RAVI KUMAR,Telugu Desam,0.0,135.0,0.0,THAMMINENI SEETARAM,Yuvajana Sramika Rythu Congress Party,0.0,11.0,0.0,35032,19/19,Result Declared,Andhra,,,,,,,
Amalapuram,44.0,AITHABATHULA ANANDARAO,Telugu Desam,0.0,135.0,0.0,VISWARUPU PINIPE,Yuvajana Sramika Rythu Congress Party,0.0,11.0,0.0,38628,17/17,Result Declared,Andhra,,,,,,,
Anakapalle,30.0,KONATHALA RAMAKRISHNA,Janasena Party,0.0,21.0,0.0,BHARATH KUMAR MALASALA,Yuvajana Sramika Rythu Congress Party,0.0,11.0,0.0,65764,19/19,Result Declared,Andhra,,,,,,,
Anantapur Urban,153.0,DAGGUPATI PRASAD,Telugu Desam,0.0,135.0,0.0,ANANTHA VENKATARAMI REDDY,Yuvajana Sramika Rythu Congress Party,0.0,11.0,0.0,23023,21/21,Result Declared,Andhra,,,,,,,
Anaparthy,40.0,RAMAKRISHNA REDDY NALLAMILLI,Bharatiya Janata Party,0.0,8.0,0.0,DOCTOR.SATHI SURYANARAYANA REDDY,Yuvajana Sramika Rythu Congress Party,0.0,11.0,0.0,20850,17/17,Result Declared,Andhra,,,,,,,
Araku Valley,28.0,REGAM MATYALINGAM,Yuvajana Sramika Rythu Congress Party,0.0,11.0,0.0,RAJARAO PANGI,Bharatiya Janata Party,0.0,8.0,0.0,31877,23/23,Result Declared,Andhra,,,,,,,
Atmakur,115.0,ANAM.RAMANARAYANA REDDY,Telugu Desam,0.0,135.0,0.0,MEKAPATI VIKRAM REDDY,Yuvajana Sramika Rythu Congress Party,0.0,11.0,0.0,7576,22/22,Result Declared,Andhra,,,,,,,
Avanigadda,76.0,BUDDHAPRASAD MANDALI,Janasena Party,0.0,21.0,0.0,RAMESH BABU SIMHADRI,Yuvajana Sramika Rythu Congress Party,0.0,11.0,0.0,46434,21/21,Result Declared,Andhra,,,,,,,
Badvel,124.0,DASARI SUDHA,Yuvajana Sramika Rythu Congress Party,0.0,11.0,0.0,BOJJA ROSHANNA,Bharatiya Janata Party,0.0,8.0,0.0,18567,20/20,Result Declared,Andhra,,,,,,,
Banaganapalle,140.0,B.C. JANARDHAN REDDY,Telugu Desam,0.0,135.0,0.0,KATASANI RAMI REDDY,Yuvajana Sramika Rythu Congress Party,0.0,11.0,0.0,25566,24/24,Result Declared,Andhra,,,,,,,
Bapatla,92.0,VEGESANA NARENDRA VARMA RAJU,Telugu Desam,0.0,135.0,0.0,KONA RAGHUPATHI,Yuvajana Sramika Rythu Congress Party,0.0,11.0,0.0,27768,15/15,Result Declared,Andhra,,,,,,,
Bhimavaram,59.0,RAMANJANEYULU PULAPARTHI (ANJIBABU),Janasena Party,0.0,21.0,0.0,GRANDHI SRINIVAS,Yuvajana Sramika Rythu Congress Party,0.0,11.0,0.0,66974,17/17,Result Declared,Andhra,,,,,,,
Bhimili,20.0,GANTA SRINIVASA RAO,Telugu Desam,0.0,135.0,0.0,MUTTAMSETTI SRINIVASA RAO (AVANTHI SRINIVAS),Yuvajana Sramika Rythu Congress Party,0.0,11.0,0.0,92401,26/26,Result Declared,Andhra,,,,,,,
Bobbili,14.0,R.V.S.K.K.RANGA RAO @ BABYNAYANA,Telugu Desam,0.0,135.0,0.0,VENKATA CHINA APPALA NAIDU SAMBANGI,Yuvajana Sramika Rythu Congress Party,0.0,11.0,0.0,44648,19/19,Result Declared,Andhra,,,,,,,
Chandragiri,166.0,VENKATA MANI PRASAD PULLIVARTHI,Telugu Desam,0.0,135.0,0.0,CHEVIREDDY MOHITH REDDY,Yuvajana Sramika Rythu Congress Party,0.0,11.0,0.0,43852,20/20,Result Declared,Andhra,,,,,,,
Cheepurupalle,15.0,KALAVENKATARAO KIMIDI,Telugu Desam,0.0,135.0,0.0,BOTCHA SATYANARAYANA,Yuvajana Sramika Rythu Congress Party,0.0,11.0,0.0,11971,20/20,Result Declared,Andhra,,,,,,,
Chilakaluripet,96.0,PRATHIPATI PULLARAO,Telugu Desam,0.0,135.0,0.0,KAVATI SIVA NAGA MANOHAR NAIDU,Yuvajana Sramika Rythu Congress Party,0.0,11.0,0.0,11971,20/21,Result Declared,Andhra,,,,,,,
Chintalapudi,68.0,ROSHAN KUMAR SONGA,Telugu Desam,0.0,135.0,0.0,KAMBHAM VIJAYA RAJU,Yuvajana Sramika Rythu Congress Party,0.0,11.0,0.0,11971,20/22,Result Declared,Andhra,,,,,,,
Chirala,106.0,MADDULURI MALA KONDAIAH,Telugu Desam,0.0,135.0,0.0,KARANAM VENKATESH,Yuvajana Sramika Rythu Congress Party,0.0,11.0,0.0,11971,20/23,Result Declared,Andhra,,,,,,,
Chittoor,172.0,GURAJALA JAGAN MOHAN (GJM),Telugu Desam,0.0,135.0,0.0,M.C. VIJAYANANDA REDDY,Yuvajana Sramika Rythu Congress Party,0.0,11.0,0.0,11971,20/24,Result Declared,Andhra,,,,,,,
Chodavaram,26.0,SURYA NAGA SANYASI RAJU KALIDINDI,Telugu Desam,0.0,135.0,0.0,KARANAM DHARMASRI,Yuvajana Sramika Rythu Congress Party,0.0,11.0,0.0,11971,20/25,Result Declared,Andhra,,,,,,,
Darsi,103.0,BUCHEPALLI SIVA PRASAD REDDY,Yuvajana Sramika Rythu Congress Party,0.0,11.0,0.0,GOTTIPATI LAKSHMI,Telugu Desam,0.0,135.0,0.0,11971,20/26,Result Declared,Andhra,,,,,,,
Denduluru,64.0,CHINTAMANENI PRABHAKAR,Telugu Desam,0.0,135.0,0.0,ABBAYA CHOWDARY KOTHARU,Yuvajana Sramika Rythu Congress Party,0.0,11.0,0.0,11971,20/27,Result Declared,Andhra,,,,,,,
Dharmavaram,160.0,SATYA KUMAR YADAV,Bharatiya Janata Party,0.0,8.0,0.0,KETHIREDDY VENKATA RAMI REDDY,Yuvajana Sramika Rythu Congress Party,0.0,11.0,0.0,11971,20/28,Result Declared,Andhra,,,,,,,
Dhone,141.0,KOTLA JAYA SURYA PRAKASH REDDY,Telugu Desam,0.0,135.0,0.0,BUGGANA RAJA REDDY,Yuvajana Sramika Rythu Congress Party,0.0,11.0,0.0,11971,20/29,Result Declared,Andhra,,,,,,,
Eluru,65.0,RADHA KRISHNAYYA BADETI,Telugu Desam,0.0,135.0,0.0,ALLA KALI KRISHNA SRINIVAS,Yuvajana Sramika Rythu Congress Party,0.0,11.0,0.0,11971,20/30,Result Declared,Andhra,,,,,,,
Etcherla,7.0,ESWARA RAO NADUKUDITI,Bharatiya Janata Party,0.0,8.0,0.0,KIRAN KUMAR GORLE,Yuvajana Sramika Rythu Congress Party,0.0,11.0,0.0,11971,20/31,Result Declared,Andhra,,,,,,,
Gajapathinagaram,16.0,KONDAPALLI SRINIVAS,Telugu Desam,0.0,135.0,0.0,APPALANARASAYYA BOTCHA,Yuvajana Sramika Rythu Congress Party,0.0,11.0,0.0,11971,20/32,Result Declared,Andhra,,,,,,,
Gajuwaka,25.0,PALLA SRINIVAS RAO,Telugu Desam,0.0,135.0,0.0,AVSS AMARNATH GUDIVADA,Yuvajana Sramika Rythu Congress Party,0.0,11.0,0.0,11971,20/33,Result Declared,Andhra,,,,,,,
Gangadhara Nellore (SC),171.0,DR. VM. THOMAS,Telugu Desam,0.0,135.0,0.0,K. KRUPALAKSHMI,Yuvajana Sramika Rythu Congress Party,0.0,11.0,0.0,11971,20/34,Result Declared,Andhra,,,,,,,
Gannavaram,71.0,YARLAGADDA VENKATA RAO,Telugu Desam,0.0,135.0,0.0,VAMSI VALLABHANENI,Yuvajana Sramika Rythu Congress Party,0.0,11.0,0.0,11971,20/35,Result Declared,Andhra,,,,,,,
Gannavaram(SC),46.0,GIDDI. SATYANARAYANA,Janasena Party,0.0,21.0,0.0,VIPPARTHI . VENUGOPALARAO,Yuvajana Sramika Rythu Congress Party,0.0,11.0,0.0,11971,20/36,Result Declared,Andhra,,,,,,,
Giddalur,112.0,ASHOK REDDY MUTHUMULA,Telugu Desam,0.0,135.0,0.0,KUNDURU NAGARJUNA REDDY (KP),Yuvajana Sramika Rythu Congress Party,0.0,11.0,0.0,11971,20/37,Result Declared,Andhra,,,,,,,
Gopalapuram,66.0,MADDIPATI VENKATA RAJU,Telugu Desam,0.0,135.0,0.0,TANETI VANITA,Yuvajana Sramika Rythu Congress Party,0.0,11.0,0.0,11971,20/38,Result Declared,Andhra,,,,,,,
Gudivada,72.0,VENIGANDLA RAMU,Telugu Desam,0.0,135.0,0.0,KODALI SRI VENKATESWARA RAO (NANI),Yuvajana Sramika Rythu Congress Party,0.0,11.0,0.0,11971,20/39,Result Declared,Andhra,,,,,,,
Gudur,120.0,PASIM SUNIL KUMAR,Telugu Desam,0.0,135.0,0.0,MERIGA MURALIDHAR,Yuvajana Sramika Rythu Congress Party,0.0,11.0,0.0,21192,21/21,Result Declared,Andhra,,,,,,,
Guntakal,150.0,GUMMANUR JAYARAM,Telugu Desam,0.0,135.0,0.0,Y. VENKATA RAMA REDDY,Yuvajana Sramika Rythu Congress Party,0.0,11.0,0.0,6826,20/20,Result Declared,Andhra,,,,,,,
Guntur East,95.0,MOHAMMED NASEER AHMED,Telugu Desam,0.0,135.0,0.0,NOORI FATHIMA SHAIK,Yuvajana Sramika Rythu Congress Party,0.0,11.0,0.0,31962,19/19,Result Declared,Andhra,,,,,,,
Guntur West,94.0,GALLA MADHAVI,Telugu Desam,0.0,135.0,0.0,RAJINI VIDADALA,Yuvajana Sramika Rythu Congress Party,0.0,11.0,0.0,51150,21/21,Result Declared,Andhra,,,,,,,
Gurajala,100.0,YARAPATHINENI SRINIVASA RAO,Telugu Desam,0.0,135.0,0.0,KASU MAHESH REDDY,Yuvajana Sramika Rythu Congress Party,0.0,11.0,0.0,29486,23/23,Result Declared,Andhra,,,,,,,
Hindupur,157.0,NANDAMURI BALAKRISHNA,Telugu Desam,0.0,135.0,0.0,DEEPIKA T N,Yuvajana Sramika Rythu Congress Party,0.0,11.0,0.0,32597,19/19,Result Declared,Andhra,,,,,,,
Ichchapuram,1.0,ASHOK BENDALAM,Telugu Desam,0.0,135.0,0.0,PIRIYA VIJAYA,Yuvajana Sramika Rythu Congress Party,0.0,11.0,0.0,39783,22/22,Result Declared,Andhra,,,,,,,
Jaggampeta,52.0,JYOTHULA NEHRU,Telugu Desam,0.0,135.0,0.0,THOTA NARASIMHAM,Yuvajana Sramika Rythu Congress Party,0.0,11.0,0.0,52676,18/18,Result Declared,Andhra,,,,,,,
Jaggayyapeta,84.0,RAJAGOPAL SREERAM (TATAIAH),Telugu Desam,0.0,135.0,0.0,UDAYA BHANU SAMINENI,Yuvajana Sramika Rythu Congress Party,0.0,11.0,0.0,15977,16/16,Result Declared,Andhra,,,,,,,
Jammalamadugu,131.0,ADINARAYANA REDDY CHADIPIRALA,Bharatiya Janata Party,0.0,8.0,0.0,MULE SUDHEER REDDY,Yuvajana Sramika Rythu Congress Party,0.0,11.0,0.0,17191,23/23,Result Declared,Andhra,,,,,,,
Kadapa,126.0,MADHAVI REDDAPPA GARI,Telugu Desam,0.0,135.0,0.0,AMZATH BASHA SHAIK BEPARI,Yuvajana Sramika Rythu Congress Party,0.0,11.0,0.0,18860,21/21,Result Declared,Andhra,,,,,,,
Kadiri,161.0,KANDIKUNTA VENKATA PRASAD,Telugu Desam,0.0,135.0,0.0,MAQBOOL B.S.,Yuvajana Sramika Rythu Congress Party,0.0,11.0,0.0,6265,21/21,Result Declared,Andhra,,,,,,,
Kaikalur,73.0,KAMINENI SRINIVAS,Bharatiya Janata Party,0.0,8.0,0.0,DULAM NAGESWARA RAO,Yuvajana Sramika Rythu Congress Party,0.0,11.0,0.0,45273,17/17,Result Declared,Andhra,,,,,,,
Kakinada City,41.0,VANAMADI VENKATESWARA RAO @ KONDABABU,Telugu Desam,0.0,135.0,0.0,DWARAMPUDI CHANDRASEKHARA REDDY,Yuvajana Sramika Rythu Congress Party,0.0,11.0,0.0,56572,17/17,Result Declared,Andhra,,,,,,,
Kakinada Rural,38.0,PANTAM VENKATESWARA RAO (PANTAM NANAJI),Janasena Party,0.0,21.0,0.0,KURASALA KANNA BABU,Yuvajana Sramika Rythu Congress Party,0.0,11.0,0.0,72040,20/20,Result Declared,Andhra,,,,,,,
Kalyandurg,154.0,AMILINENI SURENDRA BABU,Telugu Desam,0.0,135.0,0.0,TALARI RANGAIAH,Yuvajana Sramika Rythu Congress Party,0.0,11.0,0.0,37734,19/19,Result Declared,Andhra,,,,,,,
Kamalapuram,130.0,KRISHNA CHAITANYA REDDY PUTHA,Telugu Desam,0.0,135.0,0.0,POCHIMAREDDY RAVINDRANATH REDDY,Yuvajana Sramika Rythu Congress Party,0.0,11.0,0.0,25357,18/18,Result Declared,Andhra,,,,,,,
Kandukur,109.0,INTURI NAGESWARA RAO,Telugu Desam,0.0,135.0,0.0,MADHU SUDHANRAO BURRA,Yuvajana Sramika Rythu Congress Party,0.0,11.0,0.0,18558,20/20,Result Declared,Andhra,,,,,,,
Kanigiri,113.0,DR. UGRA NARASIMHA REDDY MUKKU,Telugu Desam,0.0,135.0,0.0,DADDALA NARAYANA,Yuvajana Sramika Rythu Congress Party,0.0,11.0,0.0,14604,22/22,Result Declared,Andhra,,,,,,,
Kavali,114.0,DAGUMATI VENKATA KRISHNA REDDY,Telugu Desam,0.0,135.0,0.0,RAMIREDDY PRATAP KUMAR REDDY,Yuvajana Sramika Rythu Congress Party,0.0,11.0,0.0,30948,24/24,Result Declared,Andhra,,,,,,,
Kodumur (SC),143.0,BOGGULA DASTAGIRI,Telugu Desam,0.0,135.0,0.0,AUDIMULAPU SATHISH,Yuvajana Sramika Rythu Congress Party,0.0,11.0,0.0,21583,20/20,Result Declared,Andhra,,,,,,,
Kodur (SC),127.0,ARAVA SREEDHAR,Janasena Party,0.0,21.0,0.0,KORAMUTLA SREENIVASULU,Yuvajana Sramika Rythu Congress Party,0.0,11.0,0.0,11101,18/18,Result Declared,Andhra,,,,,,,
Kondapi (SC),110.0,DOCTOR DOLA SREE BALA VEERANJANEYA SWAMY,Telugu Desam,0.0,135.0,0.0,AUDIMULAPU SURESH,Yuvajana Sramika Rythu Congress Party,0.0,11.0,0.0,24756,21/21,Result Declared,Andhra,,,,,,,
Kothapeta,47.0,BANDARU SATYANANDA RAO,Telugu Desam,0.0,135.0,0.0,CHIRLA JAGGIREDDY,Yuvajana Sramika Rythu Congress Party,0.0,11.0,0.0,56479,19/19,Result Declared,Andhra,,,,,,,
Kovur,116.0,PRASHANTHI REDDY VEMIREDDY,Telugu Desam,0.0,135.0,0.0,NALLAPAREDDY PRASANNA KUMAR REDDY,Yuvajana Sramika Rythu Congress Party,0.0,11.0,0.0,54583,25/25,Result Declared,Andhra,,,,,,,
Kovvur,54.0,MUPPIDI VENKATESWARA RAO,Telugu Desam,0.0,135.0,0.0,TALARI VENKATA RAO,Yuvajana Sramika Rythu Congress Party,0.0,11.0,0.0,33946,13/13,Result Declared,Andhra,,,,,,,
Kuppam,175.0,CHANDRABABU NAIDU NARA,Telugu Desam,0.0,135.0,0.0,K.R.J. BHARATH,Yuvajana Sramika Rythu Congress Party,0.0,11.0,0.0,48006,18/18,Result Declared,Andhra,,,,,,,
Kurnool,137.0,T.G.BHARATH,Telugu Desam,0.0,135.0,0.0,"A. MD. IMTIAZ I.A.S., (RETD)",Yuvajana Sramika Rythu Congress Party,0.0,11.0,0.0,18876,19/19,Result Declared,Andhra,,,,,,,
Kurupam,11.0,JAGADEESWARI THOYAKA,Telugu Desam,0.0,135.0,0.0,PAMULA PUSHPA SREEVANI,Yuvajana Sramika Rythu Congress Party,0.0,11.0,0.0,23500,20/20,Result Declared,Andhra,,,,,,,
Macherla,101.0,JULAKANTI BRAHMANANDA REDDY,Telugu Desam,0.0,135.0,0.0,RAMAKRISHNAREDDY. PINNELLI,Yuvajana Sramika Rythu Congress Party,0.0,11.0,0.0,33318,24/24,Result Declared,Andhra,,,,,,,
Machilipatnam,75.0,KOLLU. RAVINDRA,Telugu Desam,0.0,135.0,0.0,PERNI KRISHNAMURTHY (KITTU),Yuvajana Sramika Rythu Congress Party,0.0,11.0,0.0,50242,15/15,Result Declared,Andhra,,,,,,,
Madakasira (SC),156.0,M.S.RAJU,Telugu Desam,0.0,135.0,0.0,IRALAKKAPPA.S.L,Yuvajana Sramika Rythu Congress Party,0.0,11.0,0.0,351,18/18,Result Declared,Andhra,,,,,,,
Madanapalle,164.0,M.SHAJAHAN BASHA,Telugu Desam,0.0,135.0,0.0,S.NISAR AHAMAD,Yuvajana Sramika Rythu Congress Party,0.0,11.0,0.0,5509,19/19,Result Declared,Andhra,,,,,,,
Madugula,27.0,BANDARU SATYANARAYANA MURTHY,Telugu Desam,0.0,135.0,0.0,ANURADHA ERLI,Yuvajana Sramika Rythu Congress Party,0.0,11.0,0.0,28026,17/17,Result Declared,Andhra,,,,,,,
Mandapeta,48.0,JOGESWARA RAO.V,Telugu Desam,0.0,135.0,0.0,THOTA TRIMURTHULU,Yuvajana Sramika Rythu Congress Party,0.0,11.0,0.0,44435,23/23,Result Declared,Andhra,,,,,,,
Mangalagiri,87.0,NARA LOKESH,Telugu Desam,0.0,135.0,0.0,MURUGUDU LAVANYA,Yuvajana Sramika Rythu Congress Party,0.0,11.0,0.0,91413,22/22,Result Declared,Andhra,,,,,,,
Mantralayam,145.0,Y. BALANAGI REDDY,Yuvajana Sramika Rythu Congress Party,0.0,11.0,0.0,N. RAGHAVENDRA REDDY,Telugu Desam,0.0,135.0,0.0,12805,17/17,Result Declared,Andhra,,,,,,,
Markapuram,111.0,KANDULA NARAYANA REDDY,Telugu Desam,0.0,135.0,0.0,ANNA RAMBABU,Yuvajana Sramika Rythu Congress Party,0.0,11.0,0.0,13979,19/19,Result Declared,Andhra,,,,,,,
Mummidivaram,43.0,DATLA SUBBARAJU (BUCHIBABU),Telugu Desam,0.0,135.0,0.0,PONNADA VENKATA SATISH KUMAR,Yuvajana Sramika Rythu Congress Party,0.0,11.0,0.0,38736,20/20,Result Declared,Andhra,,,,,,,
Mydukur,133.0,SUDHAKAR PUTTA,Telugu Desam,0.0,135.0,0.0,RAGHURAMI REDDY SETTIPALLY,Yuvajana Sramika Rythu Congress Party,0.0,11.0,0.0,20950,21/21,Result Declared,Andhra,,,,,,,
Mylavaram,82.0,VASANTHA VENKATA KRISHNA PRASAD,Telugu Desam,0.0,135.0,0.0,TIRAPATHIRAO SARNALA,Yuvajana Sramika Rythu Congress Party,0.0,11.0,0.0,42829,22/22,Result Declared,Andhra,,,,,,,
Nagari,170.0,GALI BHANU PRAKASH,Telugu Desam,0.0,135.0,0.0,R.K. ROJA,Yuvajana Sramika Rythu Congress Party,0.0,11.0,0.0,45004,18/18,Result Declared,Andhra,,,,,,,
Nandigama (SC),83.0,TANGIRALA SOWMYA,Telugu Desam,0.0,135.0,0.0,MONDITOKA JAGAN MOHAN RAO,Yuvajana Sramika Rythu Congress Party,0.0,11.0,0.0,27395,17/17,Result Declared,Andhra,,,,,,,
Nandikotkur (SC),136.0,G JAYASURYA,Telugu Desam,0.0,135.0,0.0,DARA SUDHEER,Yuvajana Sramika Rythu Congress Party,0.0,11.0,0.0,9792,27/27,Result Declared,Andhra,,,,,,,
Nandyal,139.0,NASYAM MOHAMMED FAROOK,Telugu Desam,0.0,135.0,0.0,SILPA RAVI CHANDRA KISHORE REDDY,Yuvajana Sramika Rythu Congress Party,0.0,11.0,0.0,12333,21/21,Result Declared,Andhra,,,,,,,
Narasannapeta,8.0,BAGGU RAMANAMURTHY,Telugu Desam,0.0,135.0,0.0,KRISHNADAS DHARMANA,Yuvajana Sramika Rythu Congress Party,0.0,11.0,0.0,29371,21/21,Result Declared,Andhra,,,,,,,
Narasapuram,58.0,BOMMIDI NARAYANA NAYAKAR,Janasena Party,0.0,21.0,0.0,NAGARAJA VARA PRASADA RAJU MUDUNURI,Yuvajana Sramika Rythu Congress Party,0.0,11.0,0.0,49738,13/13,Result Declared,Andhra,,,,,,,
Narasaraopet,97.0,ARAVINDA BABU CHADALAVADA,Telugu Desam,0.0,135.0,0.0,GOPIREDDY SRINIVASA REDDY,Yuvajana Sramika Rythu Congress Party,0.0,11.0,0.0,19705,18/18,Result Declared,Andhra,,,,,,,
Narsipatnam,34.0,AYYANNAPATRUDU CHINTAKAYALA,Telugu Desam,0.0,135.0,0.0,UMA SANKARA GANESH PETLA,Yuvajana Sramika Rythu Congress Party,0.0,11.0,0.0,24676,19/19,Result Declared,Andhra,,,,,,,
Nellimarla,17.0,LOKAM NAGA MADHAVI,Janasena Party,0.0,21.0,0.0,APPALANAIDU BADDUKONDA,Yuvajana Sramika Rythu Congress Party,0.0,11.0,0.0,39829,18/18,Result Declared,Andhra,,,,,,,
Nellore City,117.0,NARAYANA PONGURU,Telugu Desam,0.0,135.0,0.0,KHALEEL AHAMAD MD,Yuvajana Sramika Rythu Congress Party,0.0,11.0,0.0,72489,18/18,Result Declared,Andhra,,,,,,,
Nellore Rural,118.0,KOTAMREDDY SRIDHAR REDDY,Telugu Desam,0.0,135.0,0.0,ADALA PRABHAKARA REDDY,Yuvajana Sramika Rythu Congress Party,0.0,11.0,0.0,34480,24/24,Result Declared,Andhra,,,,,,,
Nidadavole,55.0,KANDULA DURGESH,Janasena Party,0.0,21.0,0.0,G.SRINIVAS NAIDU,Yuvajana Sramika Rythu Congress Party,0.0,11.0,0.0,33304,16/16,Result Declared,Andhra,,,,,,,
Nuzvid,70.0,KOLUSU PARTHA SARATHY,Telugu Desam,0.0,135.0,0.0,MEKA VENKATA PRATAP APPARAO,Yuvajana Sramika Rythu Congress Party,0.0,11.0,0.0,12378,21/21,Result Declared,Andhra,,,,,,,
Ongole,108.0,DAMACHARLA JANARDHANA RAO,Telugu Desam,0.0,135.0,0.0,BALINENI SRINIVASA REDDY,Yuvajana Sramika Rythu Congress Party,0.0,11.0,0.0,34026,19/19,Result Declared,Andhra,,,,,,,
Paderu,29.0,MATSYARASA VISWESWARA RAJU,Yuvajana Sramika Rythu Congress Party,0.0,11.0,0.0,ESWARI GIDDI,Telugu Desam,0.0,135.0,0.0,19338,23/23,Result Declared,Andhra,,,,,,,
Palacole,57.0,DR.NIMMALA RAMANAIDU,Telugu Desam,0.0,135.0,0.0,GUDALA SRI HARI GOPALA RAO (GUDALA GOPI),Yuvajana Sramika Rythu Congress Party,0.0,11.0,0.0,67945,14/14,Result Declared,Andhra,,,,,,,
Palakonda,10.0,JAYAKRISHNA NIMMAKA,Janasena Party,0.0,21.0,0.0,VISWASARAYI KALAVATHI,Yuvajana Sramika Rythu Congress Party,0.0,11.0,0.0,13291,21/21,Result Declared,Andhra,,,,,,,
Palamaner,174.0,AMARANATHA REDDY. N,Telugu Desam,0.0,135.0,0.0,VENKATE GOWDA. N,Yuvajana Sramika Rythu Congress Party,0.0,11.0,0.0,20122,21/21,Result Declared,Andhra,,,,,,,
Palasa,2.0,GOUTHU SIREESHA,Telugu Desam,0.0,135.0,0.0,APPALARAJU SEEDIRI,Yuvajana Sramika Rythu Congress Party,0.0,11.0,0.0,40350,21/21,Result Declared,Andhra,,,,,,,
Pamarru (SC),77.0,KUMAR RAJA VARLA,Telugu Desam,0.0,135.0,0.0,ANIL KUMAR KAILE,Yuvajana Sramika Rythu Congress Party,0.0,11.0,0.0,29690,17/17,Result Declared,Andhra,,,,,,,
Panyam,138.0,GOWRU CHARITHA REDDY,Telugu Desam,0.0,135.0,0.0,KATASANI RAMABHUPAL REDDY,Yuvajana Sramika Rythu Congress Party,0.0,11.0,0.0,40591,26/26,Result Declared,Andhra,,,,,,,
Parchur,104.0,YELURI SAMBASIVA RAO,Telugu Desam,0.0,135.0,0.0,YADAM BALAJI,Yuvajana Sramika Rythu Congress Party,0.0,11.0,0.0,24013,22/22,Result Declared,Andhra,,,,,,,
Parvathipuram,12.0,BONELA VIJAYA CHANDRA,Telugu Desam,0.0,135.0,0.0,ALAJANGI JOGARAO,Yuvajana Sramika Rythu Congress Party,0.0,11.0,0.0,24414,17/17,Result Declared,Andhra,,,,,,,
Pathapatnam,4.0,MAMIDI GOVINDA RAO,Telugu Desam,0.0,135.0,0.0,REDDY SHANTHI,Yuvajana Sramika Rythu Congress Party,0.0,11.0,0.0,26527,24/24,Result Declared,Andhra,,,,,,,
Pattikonda,142.0,K.E. SHYAM KUMAR,Telugu Desam,0.0,135.0,0.0,KANGATI SREEDEVI,Yuvajana Sramika Rythu Congress Party,0.0,11.0,0.0,14211,19/19,Result Declared,Andhra,,,,,,,
Payakaraopet,33.0,ANITHA VANGALAPUDI,Telugu Desam,0.0,135.0,0.0,JOGULU KAMBALA,Yuvajana Sramika Rythu Congress Party,0.0,11.0,0.0,43727,21/21,Result Declared,Andhra,,,,,,,
Pedakurapadu,85.0,BHASHYAM PRAVEEN,Telugu Desam,0.0,135.0,0.0,NAMBURU SANKARA RAO,Yuvajana Sramika Rythu Congress Party,0.0,11.0,0.0,21089,20/20,Result Declared,Andhra,,,,,,,
Pedana,74.0,KAGITHA KRISHNAPRASAD,Telugu Desam,0.0,135.0,0.0,UPPALA RAMESH(RAMU),Yuvajana Sramika Rythu Congress Party,0.0,11.0,0.0,38123,17/17,Result Declared,Andhra,,,,,,,
Peddapuram,39.0,CHINA RAJAPPA NIMMAKAYALA,Telugu Desam,0.0,135.0,0.0,DAVULURI DORABABU,Yuvajana Sramika Rythu Congress Party,0.0,11.0,0.0,40451,15/15,Result Declared,Andhra,,,,,,,
Penamaluru,78.0,BODE PRASAD,Telugu Desam,0.0,135.0,0.0,JOGI RAMESH,Yuvajana Sramika Rythu Congress Party,0.0,11.0,0.0,59915,23/23,Result Declared,Andhra,,,,,,,
Pendurthi,31.0,PANCHAKARLA RAMESH BABU,Janasena Party,0.0,21.0,0.0,ANNAMREDDY ADEEP RAJ,Yuvajana Sramika Rythu Congress Party,0.0,11.0,0.0,81870,22/22,Result Declared,Andhra,,,,,,,
Penukonda,158.0,S. SAVITHA,Telugu Desam,0.0,135.0,0.0,K.V. USHA SHRICHARAN,Yuvajana Sramika Rythu Congress Party,0.0,11.0,0.0,33388,19/19,Result Declared,Andhra,,,,,,,
Pileru,163.0,NALLARI KISHAN KUMAR REDDY,Telugu Desam,0.0,135.0,0.0,CHINTHALA RAMACHANDRA REDDY,Yuvajana Sramika Rythu Congress Party,0.0,11.0,0.0,25081,21/21,Result Declared,Andhra,,,,,,,
Pithapuram,37.0,KONIDALA PAWAN KALYAN,Janasena Party,0.0,21.0,0.0,VANGA GEETHA VISWANATH,Yuvajana Sramika Rythu Congress Party,0.0,11.0,0.0,70279,18/18,Result Declared,Andhra,,,,,,,
Polavaram,67.0,CHIRRI BALARAJU,Janasena Party,0.0,21.0,0.0,TELLAM RAJYA LAKSHMI,Yuvajana Sramika Rythu Congress Party,0.0,11.0,0.0,7935,21/21,Result Declared,Andhra,,,,,,,
Ponnur,88.0,DHULIPALLA NARENDRA KUMAR,Telugu Desam,0.0,135.0,0.0,AMBATI MURALI KRISHNA,Yuvajana Sramika Rythu Congress Party,0.0,11.0,0.0,32915,19/19,Result Declared,Andhra,,,,,,,
Prathipadu,36.0,VARUPULA SATYA PRABHA,Telugu Desam,0.0,135.0,0.0,VARUPULA SUBBARAO,Yuvajana Sramika Rythu Congress Party,0.0,11.0,0.0,38768,17/17,Result Declared,Andhra,,,,,,,
Prathipadu (SC),93.0,BURLA RAMANJANEYULU,Telugu Desam,0.0,135.0,0.0,BALASANI KIRAN KUMAR,Yuvajana Sramika Rythu Congress Party,0.0,11.0,0.0,42015,22/22,Result Declared,Andhra,,,,,,,
Proddatur,132.0,NANDYALA VARADA RAJULA REDDY,Telugu Desam,0.0,135.0,0.0,RACHAMALLU SIVA PRASAD REDDY,Yuvajana Sramika Rythu Congress Party,0.0,11.0,0.0,22744,20/20,Result Declared,Andhra,,,,,,,
Pulivendla,129.0,YS JAGAN MOHAN REDDY,Yuvajana Sramika Rythu Congress Party,0.0,11.0,0.0,B.TECH RAVI,Telugu Desam,0.0,135.0,0.0,61687,23/23,Result Declared,Andhra,,,,,,,
Punganur,165.0,PEDDIREDDI RAMACHANDRA REDDY,Yuvajana Sramika Rythu Congress Party,0.0,11.0,0.0,CHALLA RAMACHANDRA REDDY,Telugu Desam,0.0,135.0,0.0,6095,19/19,Result Declared,Andhra,,,,,,,
Puthalapattu (SC),173.0,K MURALI MOHAN,Telugu Desam,0.0,135.0,0.0,M SUNEEL KUMAR,Yuvajana Sramika Rythu Congress Party,0.0,11.0,0.0,15634,20/20,Result Declared,Andhra,,,,,,,
Puttaparthi,159.0,PALLE SINDHURA REDDY,Telugu Desam,0.0,135.0,0.0,DUDDUKUNTA SREEDHAR REDDY,Yuvajana Sramika Rythu Congress Party,0.0,11.0,0.0,8760,18/18,Result Declared,Andhra,,,,,,,
Rajahmundry City,50.0,ADIREDDY SRINIVAS,Telugu Desam,0.0,135.0,0.0,MARGANI BHARAT RAM,Yuvajana Sramika Rythu Congress Party,0.0,11.0,0.0,71404,18/18,Result Declared,Andhra,,,,,,,
Rajahmundry Rural,51.0,GORANTLA BUTCHAIAH CHOUDARY,Telugu Desam,0.0,135.0,0.0,GOPALAKRISHNA CHELLUBOYINA(VENU),Yuvajana Sramika Rythu Congress Party,0.0,11.0,0.0,64090,20/20,Result Declared,Andhra,,,,,,,
Rajam,9.0,KONDRU MURALI MOHAN,Telugu Desam,0.0,135.0,0.0,DR. TALE RAJESH,Yuvajana Sramika Rythu Congress Party,0.0,11.0,0.0,20722,21/21,Result Declared,Andhra,,,,,,,
Rajampet,125.0,AKEPATI AMARNATH REDDY,Yuvajana Sramika Rythu Congress Party,0.0,11.0,0.0,BALA SUBRAMANYAM SUGAVASI,Telugu Desam,0.0,135.0,0.0,7016,21/21,Result Declared,Andhra,,,,,,,
Rajanagaram,49.0,BATHULA BALARAMAKRISHNA S/O GANGARAO,Janasena Party,0.0,21.0,0.0,JAKKAMPUDI RAJA,Yuvajana Sramika Rythu Congress Party,0.0,11.0,0.0,34049,16/16,Result Declared,Andhra,,,,,,,
Ramachandrapuram,42.0,VASAMSETTI. SUBASH,Telugu Desam,0.0,135.0,0.0,PILLI SURYA PRAKASH,Yuvajana Sramika Rythu Congress Party,0.0,11.0,0.0,26291,25/25,Result Declared,Andhra,,,,,,,
Rampachodavaram,53.0,MIRIYALA SIRISHA DEVI,Telugu Desam,0.0,135.0,0.0,NAGULAPALLI DHANALAKSHMI,Yuvajana Sramika Rythu Congress Party,0.0,11.0,0.0,9139,20/20,Result Declared,Andhra,,,,,,,
Raptadu,155.0,PARITALA SUNITHAMMA,Telugu Desam,0.0,135.0,0.0,THOPUDURTHI PRAKASH REDDY,Yuvajana Sramika Rythu Congress Party,0.0,11.0,0.0,23329,21/21,Result Declared,Andhra,,,,,,,
Rayachoti,128.0,MANDIPALLI RAMPRASAD REDDY,Telugu Desam,0.0,135.0,0.0,GADIKOTA SRIKANTH REDDY,Yuvajana Sramika Rythu Congress Party,0.0,11.0,0.0,2495,21/21,Result Declared,Andhra,,,,,,,
Rayadurg,148.0,KALAVA SRINIVASULU,Telugu Desam,0.0,135.0,0.0,METTU GOVINDA REDDY,Yuvajana Sramika Rythu Congress Party,0.0,11.0,0.0,41659,22/22,Result Declared,Andhra,,,,,,,
Razole,45.0,DEVA VARAPRASAD,Janasena Party,0.0,21.0,0.0,GOLLAPALLI SURYA RAO,Yuvajana Sramika Rythu Congress Party,0.0,11.0,0.0,39011,16/16,Result Declared,Andhra,,,,,,,
Repalle,90.0,ANAGANI SATYA PRASAD,Telugu Desam,0.0,135.0,0.0,EVURU GANESH,Yuvajana Sramika Rythu Congress Party,0.0,11.0,0.0,39947,19/19,Result Declared,Andhra,,,,,,,
Salur,13.0,GUMMIDI SANDHYARANI,Telugu Desam,0.0,135.0,0.0,RAJANNA DORA PEEDIKA,Yuvajana Sramika Rythu Congress Party,0.0,11.0,0.0,13733,18/18,Result Declared,Andhra,,,,,,,
Santhanuthalapadu (SC),107.0,VIJAY KUMAR B.N,Telugu Desam,0.0,135.0,0.0,NAGARJUNA MERUGU,Yuvajana Sramika Rythu Congress Party,0.0,11.0,0.0,30385,20/20,Result Declared,Andhra,,,,,,,
Sarvepalli,119.0,CHANDRA MOHAN REDDY SOMIREDDY,Telugu Desam,0.0,135.0,0.0,KAKANI GOVARDHAN REDDY,Yuvajana Sramika Rythu Congress Party,0.0,11.0,0.0,16288,21/21,Result Declared,Andhra,,,,,,,
Sattenapalle,98.0,KANNA LAKSHMINARAYANA,Telugu Desam,0.0,135.0,0.0,AMBATI RAMBABU,Yuvajana Sramika Rythu Congress Party,0.0,11.0,0.0,27836,21/21,Result Declared,Andhra,,,,,,,
Satyavedu,169.0,KONETI ADIMULAM,Telugu Desam,0.0,135.0,0.0,NUKATHOTI RAJESH,Yuvajana Sramika Rythu Congress Party,0.0,11.0,0.0,3739,20/20,Result Declared,Andhra,,,,,,,
Singanamala (SC),152.0,BANDARU SRAVANI SREE,Telugu Desam,0.0,135.0,0.0,M.VEERANJANEYULU,Yuvajana Sramika Rythu Congress Party,0.0,11.0,0.0,8788,22/22,Result Declared,Andhra,,,,,,,
Srikakulam,5.0,GONDU SHANKAR,Telugu Desam,0.0,135.0,0.0,DHARMANA PRASADA RAO,Yuvajana Sramika Rythu Congress Party,0.0,11.0,0.0,52521,20/20,Result Declared,Andhra,,,,,,,
Srikalahasti,168.0,BOJJALA VENKATA SUDHIR REDDY,Telugu Desam,0.0,135.0,0.0,BIYYAPU MADHUSUDHAN REDDY,Yuvajana Sramika Rythu Congress Party,0.0,11.0,0.0,43304,21/21,Result Declared,Andhra,,,,,,,
Srisailam,135.0,BUDDA RAJASEKHARA REDDY,Telugu Desam,0.0,135.0,0.0,SILPA CHAKRAPANI REDDY,Yuvajana Sramika Rythu Congress Party,0.0,11.0,0.0,6385,23/23,Result Declared,Andhra,,,,,,,
Srungavarapukota,19.0,KOLLA LALITHA KUMARI,Telugu Desam,0.0,135.0,0.0,KADUBANDI SRINIVASA RAO,Yuvajana Sramika Rythu Congress Party,0.0,11.0,0.0,38790,21/21,Result Declared,Andhra,,,,,,,
Sullurpeta,121.0,NELAVALA VIJAYASREE,Telugu Desam,0.0,135.0,0.0,KILIVETI SANJEEVAIAH,Yuvajana Sramika Rythu Congress Party,0.0,11.0,0.0,29115,22/22,Result Declared,Andhra,,,,,,,
Tadepalligudem,62.0,BOLISETTY SRINIVAS,Janasena Party,0.0,21.0,0.0,KOTTU SATYANARAYANA,Yuvajana Sramika Rythu Congress Party,0.0,11.0,0.0,62492,15/15,Result Declared,Andhra,,,,,,,
Tadikonda (SC),86.0,TENALI SRAVAN KUMAR,Telugu Desam,0.0,135.0,0.0,SUCHARITHA MEKATHOTI,Yuvajana Sramika Rythu Congress Party,0.0,11.0,0.0,39606,18/18,Result Declared,Andhra,,,,,,,
Tadpatri,151.0,ASHMIT REDDY J.C,Telugu Desam,0.0,135.0,0.0,KETHIREDDY PEDDAREDDY,Yuvajana Sramika Rythu Congress Party,0.0,11.0,0.0,27731,20/20,Result Declared,Andhra,,,,,,,
Tanuku,61.0,ARIMILLI RADHA KRISHNA,Telugu Desam,0.0,135.0,0.0,KARUMURI VENKATA NAGESWARA RAO,Yuvajana Sramika Rythu Congress Party,0.0,11.0,0.0,72121,17/17,Result Declared,Andhra,,,,,,,
Tekkali,3.0,ATCHANNAIDU KINJARAPU,Telugu Desam,0.0,135.0,0.0,DUVVADA SRINIVAS,Yuvajana Sramika Rythu Congress Party,0.0,11.0,0.0,34435,24/24,Result Declared,Andhra,,,,,,,
Tenali,91.0,NADENDLA MANOHAR,Janasena Party,0.0,21.0,0.0,ANNABATHUNI SIVAKUMAR,Yuvajana Sramika Rythu Congress Party,0.0,11.0,0.0,48112,21/21,Result Declared,Andhra,,,,,,,
Thamballapalle,162.0,P. DWARAKANATHA REDDY,Yuvajana Sramika Rythu Congress Party,0.0,11.0,0.0,D. JAYACHANDRA REDDY,Telugu Desam,0.0,135.0,0.0,10103,18/18,Result Declared,Andhra,,,,,,,
Tirupati,167.0,ARANII SRENEVASULU,Janasena Party,0.0,21.0,0.0,BHUMANA ABHINAY,Yuvajana Sramika Rythu Congress Party,0.0,11.0,0.0,61956,20/20,Result Declared,Andhra,,,,,,,
Tiruvuru (SC),69.0,KOLIKAPUDI SRINIVASA RAO,Telugu Desam,0.0,135.0,0.0,NALLAGATLA SWAMY DAS,Yuvajana Sramika Rythu Congress Party,0.0,11.0,0.0,21874,18/18,Result Declared,Andhra,,,,,,,
Tuni,35.0,DIVYA YANAMALA,Telugu Desam,0.0,135.0,0.0,DADISETTI RAJA,Yuvajana Sramika Rythu Congress Party,0.0,11.0,0.0,15177,16/16,Result Declared,Andhra,,,,,,,
Udayagiri,123.0,KAKARLA SURESH,Telugu Desam,0.0,135.0,0.0,MEKAPATI RAJAGOPAL REDDY,Yuvajana Sramika Rythu Congress Party,0.0,11.0,0.0,9621,24/24,Result Declared,Andhra,,,,,,,
Undi,60.0,KANUMURU RAGHU RAMA KRISHNA RAJU (R R R),Telugu Desam,0.0,135.0,0.0,PENMETSA VENKATA LAKSHMI NARASIMHA RAJU (P.V.L),Yuvajana Sramika Rythu Congress Party,0.0,11.0,0.0,56777,18/18,Result Declared,Andhra,,,,,,,
Ungutur,63.0,DHARMARAJU PATSAMATLA,Janasena Party,0.0,21.0,0.0,PUPPALA SRINIVASA RAO (VASU BABU),Yuvajana Sramika Rythu Congress Party,0.0,11.0,0.0,44945,17/17,Result Declared,Andhra,,,,,,,
Uravakonda,149.0,PAYYAVULA KESHAV,Telugu Desam,0.0,135.0,0.0,Y. VISWESWARA REDDY,Yuvajana Sramika Rythu Congress Party,0.0,11.0,0.0,21704,15/15,Result Declared,Andhra,,,,,,,
Vemuru (SC),89.0,ANANDA BABU NAKKA,Telugu Desam,0.0,135.0,0.0,ASHOK BABU VARIKUTI,Yuvajana Sramika Rythu Congress Party,0.0,11.0,0.0,22021,17/17,Result Declared,Andhra,,,,,,,
Venkatagiri,122.0,KURUGONDLA RAMAKRISHNA,Telugu Desam,0.0,135.0,0.0,NEDURUMALLI RAM KUMAR REDDY,Yuvajana Sramika Rythu Congress Party,0.0,11.0,0.0,16294,22/22,Result Declared,Andhra,,,,,,,
Vijayawada Central,80.0,BONDA UMAMAHESWARARAO,Telugu Desam,0.0,135.0,0.0,VELAMPALLI SRINIVASA RAO,Yuvajana Sramika Rythu Congress Party,0.0,11.0,0.0,68886,21/21,Result Declared,Andhra,,,,,,,
Vijayawada East,81.0,GADDE RAMA MOHAN,Telugu Desam,0.0,135.0,0.0,AVINASH DEVINENI,Yuvajana Sramika Rythu Congress Party,0.0,11.0,0.0,49640,23/23,Result Declared,Andhra,,,,,,,
Vijayawada West,79.0,YALAMANCHILI SATYANARAYANA CHOWDARY (SUJANA CHOWDARY),Bharatiya Janata Party,0.0,8.0,0.0,ASIF SHAIK,Yuvajana Sramika Rythu Congress Party,0.0,11.0,0.0,47032,20/20,Result Declared,Andhra,,,,,,,
Vinukonda,99.0,GONUGUNTLA VENKATA SIVA SITA RAMA ANZANNEYLLU,Telugu Desam,0.0,135.0,0.0,BOLLA BRAHMA NAIDU,Yuvajana Sramika Rythu Congress Party,0.0,11.0,0.0,30267,22/22,Result Declared,Andhra,,,,,,,
Visakhapatnam East,21.0,RAMAKRISHNA BABU VELAGAPUDI,Telugu Desam,0.0,135.0,0.0,M V V SATYANARAYANA,Yuvajana Sramika Rythu Congress Party,0.0,11.0,0.0,70877,22/22,Result Declared,Andhra,,,,,,,
Visakhapatnam North,23.0,VISHNU KUMAR RAJU PENMETSA,Bharatiya Janata Party,0.0,8.0,0.0,KANNAPARAJU KAMMILA (K.K. RAJU),Yuvajana Sramika Rythu Congress Party,0.0,11.0,0.0,47534,21/21,Result Declared,Andhra,,,,,,,
Visakhapatnam South,22.0,CH.VAMSI KRISHNA SRINIVAS,Janasena Party,0.0,21.0,0.0,GANESH KUMAR VASUPALLI,Yuvajana Sramika Rythu Congress Party,0.0,11.0,0.0,64594,17/17,Result Declared,Andhra,,,,,,,
Visakhapatnam West,24.0,P.G.V.R.NAIDU(GANABABU),Telugu Desam,0.0,135.0,0.0,ADARI ANAND KUMAR,Yuvajana Sramika Rythu Congress Party,0.0,11.0,0.0,35184,16/16,Result Declared,Andhra,,,,,,,
Vizianagaram,18.0,ADITI VIJAYALAKSHMI GAJAPATHI RAJU PUSAPATI,Telugu Desam,0.0,135.0,0.0,KOLAGATLA VEERABHADRA SWAMY,Yuvajana Sramika Rythu Congress Party,0.0,11.0,0.0,60609,20/20,Result Declared,Andhra,,,,,,,
Yelamanchili,32.0,SUNDARAPU VIJAY KUMAR,Janasena Party,0.0,21.0,0.0,UPPALAPATI VENKATA RAMANAMURTHY RAJU,Yuvajana Sramika Rythu Congress Party,0.0,11.0,0.0,48956,19/19,Result Declared,Andhra,,,,,,,
Yemmiganur,144.0,B. JAYANAGESWARA REDDY,Telugu Desam,0.0,135.0,0.0,BUTTA RENUKA,Yuvajana Sramika Rythu Congress Party,0.0,11.0,0.0,15837,20/20,Result Declared,Andhra,,,,,,,
Yerragondapalem (SC),102.0,CHANDRA SEKHAR TATIPARTHI,Yuvajana Sramika Rythu Congress Party,0.0,11.0,0.0,ERIXION BABU GUDURI,Telugu Desam,0.0,135.0,0.0,5200,19/19,Result Declared,Andhra,,,,,,,
Anandapur,22.0,ABHIMANYU SETHI,Biju Janata Dal,0.0,51.0,0.0,JAYADEV JENA,Indian National Congress,0.0,14.0,0.0,10966,25/25,Result Declared,Odisha,,,,,,,
Angul,61.0,PRATAP CHANDRA PRADHAN,Bharatiya Janata Party,0.0,78.0,0.0,SANJUKTA SINGH,Biju Janata Dal,0.0,51.0,0.0,17433,21/21,Result Declared,Odisha,,,,,,,
Aska,128.0,SAROJ KUMAR PADHI,Bharatiya Janata Party,0.0,78.0,0.0,MANJULA SWAIN,Biju Janata Dal,0.0,51.0,0.0,8059,15/15,Result Declared,Odisha,,,,,,,
Athagarh,89.0,RANENDRA PRATAP SWAIN,Biju Janata Dal,0.0,51.0,0.0,ABHAYA KUMAR BARIK,Bharatiya Janata Party,0.0,78.0,0.0,3584,19/19,Result Declared,Odisha,,,,,,,
Athamallik,63.0,NALINI KANTA PRADHAN,Biju Janata Dal,0.0,51.0,0.0,SANJEEB KUMAR SAHOO,Bharatiya Janata Party,0.0,78.0,0.0,16153,21/21,Result Declared,Odisha,,,,,,,
Attabira,4.0,NIHAR RANJAN MAHANAND,Bharatiya Janata Party,0.0,78.0,0.0,SNEHANGINI CHHURIA,Biju Janata Dal,0.0,51.0,0.0,28910,19/19,Result Declared,Odisha,,,,,,,
Aul,98.0,PRATAP KESHARI DEB,Biju Janata Dal,0.0,51.0,0.0,DEBASMITA SHARMA,Indian National Congress,0.0,14.0,0.0,19628,32/32,Result Declared,Odisha,,,,,,,
Badasahi,32.0,SANATAN BIJULI,Bharatiya Janata Party,0.0,78.0,0.0,ANASUYA PATRA,Biju Janata Dal,0.0,51.0,0.0,37387,20/20,Result Declared,Odisha,,,,,,,
Balasore,38.0,MANAS KUMAR DUTTA,Bharatiya Janata Party,0.0,78.0,0.0,SWARUP KUMAR DAS,Biju Janata Dal,0.0,51.0,0.0,28626,18/18,Result Declared,Odisha,,,,,,,
Baliguda,82.0,CHAKRAMANI KANHAR,Biju Janata Dal,0.0,51.0,0.0,UPENDRA PRADHAN,Indian National Congress,0.0,14.0,0.0,1671,19/19,Result Declared,Odisha,,,,,,,
Balikuda-Erasama,103.0,SARADA PRASANNA JENA,Biju Janata Dal,0.0,51.0,0.0,SATYA SARATHI MOHANTY,Bharatiya Janata Party,0.0,78.0,0.0,25959,18/18,Result Declared,Odisha,,,,,,,
Bangriposi,29.0,SANJALI MURMU,Bharatiya Janata Party,0.0,78.0,0.0,RANJITA MARNDI,Biju Janata Dal,0.0,51.0,0.0,34476,26/26,Result Declared,Odisha,,,,,,,
Banki,88.0,DEVI RANJAN TRIPATHY,Biju Janata Dal,0.0,51.0,0.0,TUSARA KANTA CHAKRABARTY,Bharatiya Janata Party,0.0,78.0,0.0,17026,18/18,Result Declared,Odisha,,,,,,,
Barabati-Cuttack,90.0,SOFIA FIRDOUS,Indian National Congress,0.0,14.0,0.0,PURNA CHANDRA MAHAPATRA,Bharatiya Janata Party,0.0,78.0,0.0,8001,18/18,Result Declared,Odisha,,,,,,,
Barachana,50.0,AMAR KUMAR NAYAK,Bharatiya Janata Party,0.0,78.0,0.0,VARSHA PRIYADARSHINI,Biju Janata Dal,0.0,51.0,0.0,6310,19/19,Result Declared,Odisha,,,,,,,
Baramba,87.0,BIJAYA KUMAR DALABEHERA,Independent,0.0,3.0,0.0,DEBIPRASAD MISHRA,Biju Janata Dal,0.0,51.0,0.0,23479,22/22,Result Declared,Odisha,,,,,,,
Bargarh,3.0,ASHWINI KUMAR SARANGI,Bharatiya Janata Party,0.0,78.0,0.0,DEBESH ACHARYA,Biju Janata Dal,0.0,51.0,0.0,4772,17/17,Result Declared,Odisha,,,,,,,
Bari,49.0,BISWA RANJAN MALLICK,Biju Janata Dal,0.0,51.0,0.0,UMESH CHANDRA JENA,Bharatiya Janata Party,0.0,78.0,0.0,51465,19/19,Result Declared,Odisha,,,,,,,
Baripada,33.0,PRAKASH SOREN,Bharatiya Janata Party,0.0,78.0,0.0,SANANDA MARNDI,Biju Janata Dal,0.0,51.0,0.0,29385,27/27,Result Declared,Odisha,,,,,,,
Basta,37.0,SUBASINI JENA,Biju Janata Dal,0.0,51.0,0.0,BIJAN NAYAK,Indian National Congress,0.0,14.0,0.0,20377,26/26,Result Declared,Odisha,,,,,,,
Basudevpur,45.0,ASHOK KUMAR DAS,Indian National Congress,0.0,14.0,0.0,BISHNUBRATA ROUTRAY,Biju Janata Dal,0.0,51.0,0.0,631,21/21,Result Declared,Odisha,,,,,,,
Begunia,116.0,PRADIP KUMAR SAHU S/O-LAXMIDHAR SAHU,Biju Janata Dal,0.0,51.0,0.0,PRAKASHA CHANDRA BIJULI,Bharatiya Janata Party,0.0,78.0,0.0,47814,18/18,Result Declared,Odisha,,,,,,,
Berhampur,133.0,K. ANIL KUMAR,Bharatiya Janata Party,0.0,78.0,0.0,DR. RAMESH CHANDRA CHYAU PATNAIK,Biju Janata Dal,0.0,51.0,0.0,18709,22/22,Result Declared,Odisha,,,,,,,
Bhadrak,44.0,SITANSU SEKHAR MOHAPATRA,Bharatiya Janata Party,0.0,78.0,0.0,PRAFULLA SAMAL,Biju Janata Dal,0.0,51.0,0.0,16068,19/19,Result Declared,Odisha,,,,,,,
Bhandaripokhari,43.0,SANJIB KUMAR MALLICK,Biju Janata Dal,0.0,51.0,0.0,NIRANJAN PATNAIK,Indian National Congress,0.0,14.0,0.0,1551,20/20,Result Declared,Odisha,,,,,,,
Bhanjanagar,123.0,PRADYUMNA KUMAR NAYAK,Bharatiya Janata Party,0.0,78.0,0.0,BIKRAM KESHARI ARUKHA,Biju Janata Dal,0.0,51.0,0.0,16324,19/19,Result Declared,Odisha,,,,,,,
Bhatli,5.0,IRASIS ACHARYA,Bharatiya Janata Party,0.0,78.0,0.0,SUSANTA SINGH,Biju Janata Dal,0.0,51.0,0.0,27892,22/22,Result Declared,Odisha,,,,,,,
Bhawanipatna,80.0,SAGAR CHARAN DAS,Indian National Congress,0.0,14.0,0.0,PRADIPTA KUMAR NAIK,Bharatiya Janata Party,0.0,78.0,0.0,13741,21/21,Result Declared,Odisha,,,,,,,
Bhograi,36.0,GOUTAM BUDDHA DAS,Biju Janata Dal,0.0,51.0,0.0,SATYA SHIBA DAS,Indian National Congress,0.0,14.0,0.0,6564,26/26,Result Declared,Odisha,,,,,,,
Bhubaneswar Central,112.0,ANANTA NARAYAN JENA,Biju Janata Dal,0.0,51.0,0.0,JAGANNATH PRADHAN,Bharatiya Janata Party,0.0,78.0,0.0,37,17/17,Result Declared,Odisha,,,,,,,
Bhubaneswar North,113.0,SUSANT KUMAR ROUT,Biju Janata Dal,0.0,51.0,0.0,PRIYADARSHI MISHRA,Bharatiya Janata Party,0.0,78.0,0.0,11343,22/22,Result Declared,Odisha,,,,,,,
Bijepur,2.0,SANAT KUMAR GARTIA,Bharatiya Janata Party,0.0,78.0,0.0,RITA SAHU,Biju Janata Dal,0.0,51.0,0.0,10066,22/22,Result Declared,Odisha,,,,,,,
Binjharpur,48.0,PRAMILA MALLIK,Biju Janata Dal,0.0,51.0,0.0,BABITA MALLICK,Bharatiya Janata Party,0.0,78.0,0.0,2856,20/20,Result Declared,Odisha,,,,,,,
Biramitrapur,10.0,ROHIT JOSEPH TIRKEY,Biju Janata Dal,0.0,51.0,0.0,SHANKAR ORAM,Bharatiya Janata Party,0.0,78.0,0.0,6884,22/22,Result Declared,Odisha,,,,,,,
Birmaharajpur,64.0,RAGHUNATH JAGADALA,Bharatiya Janata Party,0.0,78.0,0.0,PADMANABHA BEHERA,Biju Janata Dal,0.0,51.0,0.0,21946,23/23,Result Declared,Odisha,,,,,,,
Bissam Cuttack,139.0,NILAMADHAB HIKAKA,Indian National Congress,0.0,14.0,0.0,JAGANNATH SARAKA,Biju Janata Dal,0.0,51.0,0.0,9403,30/30,Result Declared,Odisha,,,,,,,
Bolangir,68.0,KALIKESH NARAYAN SINGH DEO,Biju Janata Dal,0.0,51.0,0.0,SAMARENDRA MISHRA,Indian National Congress,0.0,14.0,0.0,13409,20/20,Result Declared,Odisha,,,,,,,
Bonai,14.0,LAXMAN MUNDA,Communist Party of India (Marxist),0.0,,0.0,BHIMSEN CHOUDHURY,Biju Janata Dal,0.0,51.0,0.0,23439,23/23,Result Declared,Odisha,,,,,,,
Boudh,86.0,SAROJ KUMAR PRADHAN,Bharatiya Janata Party,0.0,78.0,0.0,PRADIP KUMAR AMAT,Biju Janata Dal,0.0,51.0,0.0,2765,17/17,Result Declared,Odisha,,,,,,,
Brahmagiri,108.0,UPASNA MOHAPATRA,Bharatiya Janata Party,0.0,78.0,0.0,UMAKANTA SAMANTARAY,Biju Janata Dal,0.0,51.0,0.0,9830,28/28,Result Declared,Odisha,,,,,,,
Brajarajnagar,6.0,SURESH PUJARI,Bharatiya Janata Party,0.0,78.0,0.0,ALAKA MOHANTY,Biju Janata Dal,0.0,51.0,0.0,26789,19/19,Result Declared,Odisha,,,,,,,
Champua,25.0,SANATAN MAHAKUD,Biju Janata Dal,0.0,51.0,0.0,MURALI MANOHAR SHARMA,Bharatiya Janata Party,0.0,78.0,0.0,39994,19/19,Result Declared,Odisha,,,,,,,
Chandabali,47.0,BYOMAKESH RAY,Biju Janata Dal,0.0,51.0,0.0,MANMOHAN SAMAL,Bharatiya Janata Party,0.0,78.0,0.0,1916,20/20,Result Declared,Odisha,,,,,,,
Chhatrapur,127.0,KRUSHNA CHANDRA NAYAK,Bharatiya Janata Party,0.0,78.0,0.0,SUBASH CHANDRA BEHERA,Biju Janata Dal,0.0,51.0,0.0,11438,19/19,Result Declared,Odisha,,,,,,,
Chhendipada,62.0,AGASTI BEHERA,Bharatiya Janata Party,0.0,78.0,0.0,SUSANTA KUMAR BEHERA,Biju Janata Dal,0.0,51.0,0.0,15063,20/20,Result Declared,Odisha,,,,,,,
Chikiti,135.0,MANORANJAN DYAN SAMANTARA,Bharatiya Janata Party,0.0,78.0,0.0,CHINMAYANANDA SRIRUP DEB,Biju Janata Dal,0.0,51.0,0.0,6522,18/18,Result Declared,Odisha,,,,,,,
Chilika,118.0,PRITHIVIRAJ HARICHANDAN,Bharatiya Janata Party,0.0,78.0,0.0,RAGHUNATH SAHU,Biju Janata Dal,0.0,51.0,0.0,4566,18/18,Result Declared,Odisha,,,,,,,
Chitrakonda,147.0,MANGU KHILLA,Indian National Congress,0.0,14.0,0.0,DAMBARU SISA,Bharatiya Janata Party,0.0,78.0,0.0,9159,31/31,Result Declared,Odisha,,,,,,,
Choudwar-Cuttack,91.0,SOUVIC BISWAL,Biju Janata Dal,0.0,51.0,0.0,NAYAN KISHORE MOHANTY,Bharatiya Janata Party,0.0,78.0,0.0,17816,22/22,Result Declared,Odisha,,,,,,,
Cuttack Sadar,93.0,PRAKASH CHANDRA SETHI,Bharatiya Janata Party,0.0,78.0,0.0,CHANDRA SARATHI BEHERA,Biju Janata Dal,0.0,51.0,0.0,3809,26/26,Result Declared,Odisha,,,,,,,
Dabugam,76.0,MANOHAR RANDHARI,Biju Janata Dal,0.0,51.0,0.0,LIPIKA MAJHI,Indian National Congress,0.0,14.0,0.0,21455,25/25,Result Declared,Odisha,,,,,,,
Daspalla,121.0,RAMESH CHANDRA BEHERA,Biju Janata Dal,0.0,51.0,0.0,RAGHAB MALIK,Bharatiya Janata Party,0.0,78.0,0.0,6296,18/18,Result Declared,Odisha,,,,,,,
Deogarh,19.0,ROMANCHA RANJAN BISWAL,Biju Janata Dal,0.0,51.0,0.0,SUBASH CHANDRA PANIGRAHI,Bharatiya Janata Party,0.0,78.0,0.0,15792,27/27,Result Declared,Odisha,,,,,,,
Dhamnagar,46.0,SURYABANSHI SURAJ STHITAPRAJNA,Bharatiya Janata Party,0.0,78.0,0.0,SANJAYA KUMAR DAS,Biju Janata Dal,0.0,51.0,0.0,8095,19/19,Result Declared,Odisha,,,,,,,
Dharamgarh,79.0,SUDHIR RANJAN PATTJOSHI,Bharatiya Janata Party,0.0,78.0,0.0,PUSPENDRA SINGH DEO,Biju Janata Dal,0.0,51.0,0.0,18927,23/23,Result Declared,Odisha,,,,,,,
Dharmasala,51.0,HIMANSHU SEKHAR SAHOO F-LATE RAMESH CHANDRA SAHOO,Independent,0.0,3.0,0.0,PRANAB KUMAR BALABANTARAY,Biju Janata Dal,0.0,51.0,0.0,4150,22/22,Result Declared,Odisha,,,,,,,
Dhenkanal,55.0,KRUSHNA CHANDRA PATRA,Bharatiya Janata Party,0.0,78.0,0.0,SUDHIR KUMAR SAMAL,Biju Janata Dal,0.0,51.0,0.0,20439,28/28,Result Declared,Odisha,,,,,,,
Digapahandi,134.0,SIDHANT MOHAPATRA,Bharatiya Janata Party,0.0,78.0,0.0,BIPLAB PATRO,Biju Janata Dal,0.0,51.0,0.0,16847,20/20,Result Declared,Odisha,,,,,,,
Ekamra-Bhubaneswar,114.0,BABU SINGH,Bharatiya Janata Party,0.0,78.0,0.0,ASHOK CHANDRA PANDA,Biju Janata Dal,0.0,51.0,0.0,5023,21/21,Result Declared,Odisha,,,,,,,
G. Udayagiri,83.0,PRAFULLA CHANDRA PRADHAN,Indian National Congress,0.0,14.0,0.0,MANAGOBINDA PRADHAN,Bharatiya Janata Party,0.0,78.0,0.0,7857,23/23,Result Declared,Odisha,,,,,,,
Ghasipura,21.0,BADRI NARAYAN PATRA,Biju Janata Dal,0.0,51.0,0.0,SOUMYA RANJAN PATNAIK,Independent,0.0,3.0,0.0,13811,22/22,Result Declared,Odisha,,,,,,,
Gopalpur,132.0,BIBHUTI BHUSHAN JENA,Bharatiya Janata Party,0.0,78.0,0.0,BIKRAM KUMAR PANDA,Biju Janata Dal,0.0,51.0,0.0,9062,16/16,Result Declared,Odisha,,,,,,,
Gunupur,138.0,SATYAJEET GOMANGO,Indian National Congress,0.0,14.0,0.0,RAGHUNATH GOMANGO,Biju Janata Dal,0.0,51.0,0.0,29885,21/21,Result Declared,Odisha,,,,,,,
Hindol,56.0,SIMARANI NAYAK,Bharatiya Janata Party,0.0,78.0,0.0,MAHESH SAHOO,Biju Janata Dal,0.0,51.0,0.0,11827,27/27,Result Declared,Odisha,,,,,,,
Hinjili,131.0,NAVEEN PATNAIK,Biju Janata Dal,0.0,51.0,0.0,SISIR KUMAR MISHRA,Bharatiya Janata Party,0.0,78.0,0.0,4636,18/18,Result Declared,Odisha,,,,,,,
Jagatsinghpur,104.0,AMARENDRA DAS,Bharatiya Janata Party,0.0,78.0,0.0,PRASANTA KUMAR MUDULI,Biju Janata Dal,0.0,51.0,0.0,22138,22/22,Result Declared,Odisha,,,,,,,
Jajpur,52.0,SUJATA SAHU,Biju Janata Dal,0.0,51.0,0.0,GOUTAM RAY,Bharatiya Janata Party,0.0,78.0,0.0,2564,22/22,Result Declared,Odisha,,,,,,,
Jaleswar,35.0,ASWINI KUMAR PATRA,Biju Janata Dal,0.0,51.0,0.0,BRAJAMOHAN PRADHAN,Bharatiya Janata Party,0.0,78.0,0.0,319,22/22,Result Declared,Odisha,,,,,,,
Jashipur,26.0,GANESH RAM SINGKHUNTIA,Bharatiya Janata Party,0.0,78.0,0.0,CHAKRADHAR HEMBRAM,Biju Janata Dal,0.0,51.0,0.0,34667,21/21,Result Declared,Odisha,,,,,,,
Jatani,115.0,BIBHUTI BHUSAN BALABANTARAY,Biju Janata Dal,0.0,51.0,0.0,BISWARANJAN BADAJENA,Bharatiya Janata Party,0.0,78.0,0.0,25221,19/19,Result Declared,Odisha,,,,,,,
Jayadev,111.0,NABA KISHOR MALLICK,Biju Janata Dal,0.0,51.0,0.0,ARABINDA DHALI,Bharatiya Janata Party,0.0,78.0,0.0,21473,20/20,Result Declared,Odisha,,,,,,,
Jeypore,143.0,TARA PRSADA BAHINIPATI,Indian National Congress,0.0,14.0,0.0,INDIRA NANDA,Biju Janata Dal,0.0,51.0,0.0,13111,24/24,Result Declared,Odisha,,,,,,,
Jharigam,74.0,NARSING BHATRA,Bharatiya Janata Party,0.0,78.0,0.0,RAMESH CHANDRA MAJHI,Biju Janata Dal,0.0,51.0,0.0,3278,22/22,Result Declared,Odisha,,,,,,,
Jharsuguda,7.0,TANKADHAR TRIPATHY,Bharatiya Janata Party,0.0,78.0,0.0,DIPALI DAS,Biju Janata Dal,0.0,51.0,0.0,1333,19/19,Result Declared,Odisha,,,,,,,
Junagarh,78.0,DIBYA SHANKAR MISHRA,Biju Janata Dal,0.0,51.0,0.0,MANOJ KUMAR MEHER,Bharatiya Janata Party,0.0,78.0,0.0,1338,24/24,Result Declared,Odisha,,,,,,,
Kabisuryanagar,125.0,PRATAP CHANDRA NAYAK,Bharatiya Janata Party,0.0,78.0,0.0,LATIKA PRADHAN,Biju Janata Dal,0.0,51.0,0.0,30173,21/21,Result Declared,Odisha,,,,,,,
Kakatpur,105.0,TUSHARKANTI BEHERA,Biju Janata Dal,0.0,51.0,0.0,BAIDHAR MALIK,Bharatiya Janata Party,0.0,78.0,0.0,23151,28/28,Result Declared,Odisha,,,,,,,
Kamakhyanagar,57.0,SATRUGHAN JENA,Bharatiya Janata Party,0.0,78.0,0.0,PRAFULLA KUMAR MALLIK,Biju Janata Dal,0.0,51.0,0.0,4662,25/25,Result Declared,Odisha,,,,,,,
Kantabanji,70.0,LAXMAN BAG,Bharatiya Janata Party,0.0,78.0,0.0,NAVEEN PATNAIK,Biju Janata Dal,0.0,51.0,0.0,16344,29/29,Result Declared,Odisha,,,,,,,
Kantamal,85.0,KANHAI CHARAN DANGA,Bharatiya Janata Party,0.0,78.0,0.0,MAHIDHAR RANA,Biju Janata Dal,0.0,51.0,0.0,7149,17/17,Result Declared,Odisha,,,,,,,
Karanjia,30.0,PADMA CHARAN HAIBURU,Bharatiya Janata Party,0.0,78.0,0.0,BASANTI HEMBRAM,Biju Janata Dal,0.0,51.0,0.0,29499,18/18,Result Declared,Odisha,,,,,,,
Kendrapara,97.0,GANESWAR BEHERA,Biju Janata Dal,0.0,51.0,0.0,GEETANJALI SETHI,Bharatiya Janata Party,0.0,78.0,0.0,35418,25/25,Result Declared,Odisha,,,,,,,
Keonjhar,24.0,MOHAN CHARAN MAJHI,Bharatiya Janata Party,0.0,78.0,0.0,MINA MAJHI,Biju Janata Dal,0.0,51.0,0.0,11577,21/21,Result Declared,Odisha,,,,,,,
Khalikote,126.0,PURNA CHANDRA SETHY,Bharatiya Janata Party,0.0,78.0,0.0,SURYAMANI BAIDYA,Biju Janata Dal,0.0,51.0,0.0,23057,21/21,Result Declared,Odisha,,,,,,,
Khandapada,120.0,DUSMANTA KUMAR SWAIN,Bharatiya Janata Party,0.0,78.0,0.0,SABITRI PRADHAN,Biju Janata Dal,0.0,51.0,0.0,7343,16/16,Result Declared,Odisha,,,,,,,
Khariar,72.0,ADHIRAJ MOHAN PANIGRAHI,Biju Janata Dal,0.0,51.0,0.0,HITESH KUMAR BAGARTTI,Bharatiya Janata Party,0.0,78.0,0.0,9618,22/22,Result Declared,Odisha,,,,,,,
Khurda,117.0,PRASANTA KUMAR JAGADEV,Bharatiya Janata Party,0.0,78.0,0.0,RAJENDRA KUMAR SAHOO,Biju Janata Dal,0.0,51.0,0.0,8598,19/19,Result Declared,Odisha,,,,,,,
Koraput,144.0,RAGHURAM MACHHA,Bharatiya Janata Party,0.0,78.0,0.0,RAGHU RAM PADAL,Biju Janata Dal,0.0,51.0,0.0,2524,18/18,Result Declared,Odisha,,,,,,,
Korei,53.0,AKASH DASNAYAK,Bharatiya Janata Party,0.0,78.0,0.0,SANDHYARANI DAS,Biju Janata Dal,0.0,51.0,0.0,5646,18/18,Result Declared,Odisha,,,,,,,
Kotpad,142.0,RUPU BHATRA,Bharatiya Janata Party,0.0,78.0,0.0,CHANDRA SEKHAR MAJHI,Biju Janata Dal,0.0,51.0,0.0,26264,25/25,Result Declared,Odisha,,,,,,,
Kuchinda,15.0,RABI NARAYAN NAIK,Bharatiya Janata Party,0.0,78.0,0.0,RAJENDRA KUMAR CHHATRIA,Biju Janata Dal,0.0,51.0,0.0,32220,28/28,Result Declared,Odisha,,,,,,,
Lakshmipur,141.0,PABITRA SAUNTA,Indian National Congress,0.0,14.0,0.0,PRABHU JANI,Biju Janata Dal,0.0,51.0,0.0,21262,19/19,Result Declared,Odisha,,,,,,,
Lanjigarh,77.0,PRADIP KUMAR DISHARI,Biju Janata Dal,0.0,51.0,0.0,BALABHADRA MAJHI,Indian National Congress,0.0,14.0,0.0,6501,23/23,Result Declared,Odisha,,,,,,,
Loisingha,66.0,MUKESH MAHALING,Bharatiya Janata Party,0.0,78.0,0.0,NIHAR RANJAN BEHERA,Biju Janata Dal,0.0,51.0,0.0,18190,30/30,Result Declared,Odisha,,,,,,,
Mahakalapada,100.0,DURGA PRASAN NAYAK,Bharatiya Janata Party,0.0,78.0,0.0,ATANU SABYASACHI NAYAK,Biju Janata Dal,0.0,51.0,0.0,33526,29/29,Result Declared,Odisha,,,,,,,
Mahanga,95.0,SARADA PRASAD PADHAN,Independent,0.0,3.0,0.0,ANKIT PRATAP JENA,Biju Janata Dal,0.0,51.0,0.0,7423,26/26,Result Declared,Odisha,,,,,,,
Malkangiri,146.0,NARASINGA MADKAMI,Bharatiya Janata Party,0.0,78.0,0.0,MALA MADHI,Indian National Congress,0.0,14.0,0.0,14890,23/23,Result Declared,Odisha,,,,,,,
Mohana,136.0,DASARATHI GAMANGO,Indian National Congress,0.0,14.0,0.0,PRASANTA KUMAR MALLIK,Bharatiya Janata Party,0.0,78.0,0.0,4059,31/31,Result Declared,Odisha,,,,,,,
Morada,34.0,DR. KRUSHNA CHANDRA MAHAPATRA,Bharatiya Janata Party,0.0,78.0,0.0,PREETINANDA KANUNGO,Biju Janata Dal,0.0,51.0,0.0,33270,23/23,Result Declared,Odisha,,,,,,,
Nabarangpur,75.0,GOURI SHANKAR MAJHI,Bharatiya Janata Party,0.0,78.0,0.0,KAUSALYA PRADHANI,Biju Janata Dal,0.0,51.0,0.0,25094,23/23,Result Declared,Odisha,,,,,,,
Narla,81.0,MANORAMA MOHANTY,Biju Janata Dal,0.0,51.0,0.0,BHAKTA CHARAN DAS,Indian National Congress,0.0,14.0,0.0,5205,21/21,Result Declared,Odisha,,,,,,,
Nayagarh,122.0,ARUNA KUMAR SAHOO,Biju Janata Dal,0.0,51.0,0.0,PRATYUSHA RAJESHWARI SINGH,Bharatiya Janata Party,0.0,78.0,0.0,439,20/20,Result Declared,Odisha,,,,,,,
Niali,92.0,CHHABI MALIK,Bharatiya Janata Party,0.0,78.0,0.0,DR. PRAMOD KUMAR MALLICK,Biju Janata Dal,0.0,51.0,0.0,1452,28/28,Result Declared,Odisha,,,,,,,
Nilgiri,40.0,SANTOSH KHATUA,Bharatiya Janata Party,0.0,78.0,0.0,SUKANTA KUMAR NAYAK,Biju Janata Dal,0.0,51.0,0.0,19839,17/17,Result Declared,Odisha,,,,,,,
Nimapara,106.0,PRAVATI PARIDA,Bharatiya Janata Party,0.0,78.0,0.0,DILLIP KUMAR NAYAK,Biju Janata Dal,0.0,51.0,0.0,4588,28/28,Result Declared,Odisha,,,,,,,
Nuapada,71.0,RAJENDRA DHOLAKIA,Biju Janata Dal,0.0,51.0,0.0,GHASIRAM MAJHI,Independent,0.0,3.0,0.0,10881,23/23,Result Declared,Odisha,,,,,,,
Padampur,1.0,BARSHA SINGH BARIHA,Biju Janata Dal,0.0,51.0,0.0,GOBARDHAN BHOY,Bharatiya Janata Party,0.0,78.0,0.0,10993,25/25,Result Declared,Odisha,,,,,,,
Pallahara,59.0,ASHOK MOHANTY,Bharatiya Janata Party,0.0,78.0,0.0,MUKESH KUMAR PAL,Biju Janata Dal,0.0,51.0,0.0,7563,20/20,Result Declared,Odisha,,,,,,,
Paradeep,101.0,SAMPAD CHANDRA SWAIN,Bharatiya Janata Party,0.0,78.0,0.0,GEETANJALI ROUTRAY,Biju Janata Dal,0.0,51.0,0.0,15787,22/22,Result Declared,Odisha,,,,,,,
Paralakhemundi,137.0,RUPESH KUMAR PANIGRAHI,Biju Janata Dal,0.0,51.0,0.0,KODURU NARAYANA RAO,Bharatiya Janata Party,0.0,78.0,0.0,3998,29/29,Result Declared,Odisha,,,,,,,
Parjanga,58.0,BIBHUTI BHUSAN PRADHAN,Bharatiya Janata Party,0.0,78.0,0.0,DR. NRUSINGHA CHARAN SAHU,Biju Janata Dal,0.0,51.0,0.0,32162,26/26,Result Declared,Odisha,,,,,,,
Patkura,96.0,ARVIND MOHAPATRA,Biju Janata Dal,0.0,51.0,0.0,TEJESWAR PARIDA,Bharatiya Janata Party,0.0,78.0,0.0,13822,31/31,Result Declared,Odisha,,,,,,,
Patna,23.0,AKHILA CHANDRA NAIK,Bharatiya Janata Party,0.0,78.0,0.0,JAGANNATH NAIK,Biju Janata Dal,0.0,51.0,0.0,37979,20/20,Result Declared,Odisha,,,,,,,
Patnagarh,67.0,KANAK VARDHAN SINGH DEO,Bharatiya Janata Party,0.0,78.0,0.0,SAROJ KUMAR MEHER,Biju Janata Dal,0.0,51.0,0.0,1357,26/26,Result Declared,Odisha,,,,,,,
Phulbani,84.0,UMA CHARAN MALLICK,Bharatiya Janata Party,0.0,78.0,0.0,JAYASHREE KANHAR,Biju Janata Dal,0.0,51.0,0.0,2858,23/23,Result Declared,Odisha,,,,,,,
Pipili,110.0,ASHRIT PATTANAYAK,Bharatiya Janata Party,0.0,78.0,0.0,RUDRA PRATAP MAHARATHY,Biju Janata Dal,0.0,51.0,0.0,15162,28/28,Result Declared,Odisha,,,,,,,
Polasara,124.0,GOKULANANDA MALLIK,Bharatiya Janata Party,0.0,78.0,0.0,SRIKANTA SAHU,Biju Janata Dal,0.0,51.0,0.0,20946,22/22,Result Declared,Odisha,,,,,,,
Pottangi,145.0,RAMA CHANDRA KADAM,Indian National Congress,0.0,14.0,0.0,PRAFULLA KUMAR PANGI,Biju Janata Dal,0.0,51.0,0.0,1919,20/20,Result Declared,Odisha,,,,,,,
Puri,107.0,SUNIL KUMAR MOHANTY,Biju Janata Dal,0.0,51.0,0.0,JAYANTA KUMAR SARANGI,Bharatiya Janata Party,0.0,78.0,0.0,5178,24/24,Result Declared,Odisha,,,,,,,
Raghunathpali,11.0,DURGA CHARAN TANTI,Bharatiya Janata Party,0.0,78.0,0.0,ARCHANA REKHA BEHERA,Biju Janata Dal,0.0,51.0,0.0,5774,20/20,Result Declared,Odisha,,,,,,,
Rairakhol,18.0,PRASANNA ACHARYA,Biju Janata Dal,0.0,51.0,0.0,DEBENDRA MOHAPATRA,Bharatiya Janata Party,0.0,78.0,0.0,4960,21/21,Result Declared,Odisha,,,,,,,
Rairangpur,28.0,JALEN NAIK,Bharatiya Janata Party,0.0,78.0,0.0,RAISEN MURMU,Biju Janata Dal,0.0,51.0,0.0,7693,37/37,Result Declared,Odisha,,,,,,,
Rajanagar,99.0,DHRUBA CHARAN SAHOO,Biju Janata Dal,0.0,51.0,0.0,LALIT KUMAR BEHERA,Bharatiya Janata Party,0.0,78.0,0.0,18241,29/29,Result Declared,Odisha,,,,,,,
Rajgangpur,13.0,C.S. RAAZEN EKKA,Indian National Congress,0.0,14.0,0.0,ANIL BARWA,Biju Janata Dal,0.0,51.0,0.0,10184,23/23,Result Declared,Odisha,,,,,,,
Ranpur,119.0,SURAMA PADHY,Bharatiya Janata Party,0.0,78.0,0.0,SATYANARAYAN PRADHAN,Biju Janata Dal,0.0,51.0,0.0,15544,18/18,Result Declared,Odisha,,,,,,,
Rayagada,140.0,KADRAKA APPALA SWAMY,Indian National Congress,0.0,14.0,0.0,ANUSAYA MAJHI,Biju Janata Dal,0.0,51.0,0.0,29186,26/26,Result Declared,Odisha,,,,,,,
Remuna,39.0,GOBINDA CHANDRA DAS,Bharatiya Janata Party,0.0,78.0,0.0,BIDYASMITA MAHALIK,Biju Janata Dal,0.0,51.0,0.0,24168,24/24,Result Declared,Odisha,,,,,,,
Rengali,16.0,SUDARSHAN HARIPAL,Biju Janata Dal,0.0,51.0,0.0,NAURI NAYAK,Bharatiya Janata Party,0.0,78.0,0.0,3212,20/20,Result Declared,Odisha,,,,,,,
Rourkela,12.0,SARADA PRASAD NAYAK,Biju Janata Dal,0.0,51.0,0.0,DILIP KUMAR RAY,Bharatiya Janata Party,0.0,78.0,0.0,3552,15/15,Result Declared,Odisha,,,,,,,
Salipur,94.0,PRASANTA BEHERA,Biju Janata Dal,0.0,51.0,0.0,ARINDAM ROY,Bharatiya Janata Party,0.0,78.0,0.0,7594,26/26,Result Declared,Odisha,,,,,,,
Sambalpur,17.0,JAYANARAYAN MISHRA,Bharatiya Janata Party,0.0,78.0,0.0,ROHIT PUJARI,Biju Janata Dal,0.0,51.0,0.0,4105,19/19,Result Declared,Odisha,,,,,,,
Sanakhemundi,130.0,RAMESH CHANDRA JENA,Indian National Congress,0.0,14.0,0.0,Sulakshana Geetanjali Devi,Biju Janata Dal,0.0,51.0,0.0,10662,29/29,Result Declared,Odisha,,,,,,,
Saraskana,27.0,BHADAV HANSDAH,Bharatiya Janata Party,0.0,78.0,0.0,DEBASHIS MARNDI,Biju Janata Dal,0.0,51.0,0.0,13652,34/34,Result Declared,Odisha,,,,,,,
Satyabadi,109.0,OM PRAKASH MISHRA,Bharatiya Janata Party,0.0,78.0,0.0,SANJAY KUMAR DAS BURMA,Biju Janata Dal,0.0,51.0,0.0,17708,26/26,Result Declared,Odisha,,,,,,,
Simulia,42.0,PADMA LOCHAN PANDA,Bharatiya Janata Party,0.0,78.0,0.0,SUBASINI SAHOO,Biju Janata Dal,0.0,51.0,0.0,13183,25/25,Result Declared,Odisha,,,,,,,
Sonepur,65.0,NIRANJAN PUJARI,Biju Janata Dal,0.0,51.0,0.0,PRAMOD KUMAR MAHAPATRA,Bharatiya Janata Party,0.0,78.0,0.0,15239,23/23,Result Declared,Odisha,,,,,,,
Soro,41.0,MADHAB DHADA,Biju Janata Dal,0.0,51.0,0.0,PARSHURAM DHADA,Bharatiya Janata Party,0.0,78.0,0.0,802,23/23,Result Declared,Odisha,,,,,,,
Sukinda,54.0,PRADEEP BAL SAMANTA,Bharatiya Janata Party,0.0,78.0,0.0,PRITIRANJAN GHARAI,Biju Janata Dal,0.0,51.0,0.0,9577,19/19,Result Declared,Odisha,,,,,,,
Sundargarh,9.0,JOGESH KUMAR SINGH,Biju Janata Dal,0.0,51.0,0.0,KUSUM TETE,Bharatiya Janata Party,0.0,78.0,0.0,9122,22/22,Result Declared,Odisha,,,,,,,
Surada,129.0,NILAMANI BISOYI,Bharatiya Janata Party,0.0,78.0,0.0,SANGHAMITRA SWAIN,Biju Janata Dal,0.0,51.0,0.0,28224,19/19,Result Declared,Odisha,,,,,,,
Talcher,60.0,BRAJA KISHORE PRADHAN,Biju Janata Dal,0.0,51.0,0.0,KALANDI CHARAN SAMAL,Bharatiya Janata Party,0.0,78.0,0.0,32122,17/17,Result Declared,Odisha,,,,,,,
Talsara,8.0,BHABANI SHANKAR BHOI,Bharatiya Janata Party,0.0,78.0,0.0,BINAYA KUMAR TOPPO,Biju Janata Dal,0.0,51.0,0.0,17189,20/20,Result Declared,Odisha,,,,,,,
Telkoi,20.0,DR. FAKIR MOHAN NAIK,Bharatiya Janata Party,0.0,78.0,0.0,MADHABA SARDAR,Biju Janata Dal,0.0,51.0,0.0,9439,23/23,Result Declared,Odisha,,,,,,,
Tirtol,102.0,RAMAKANTA BHOI,Biju Janata Dal,0.0,51.0,0.0,RAJKISHORE BEHERA,Bharatiya Janata Party,0.0,78.0,0.0,28495,20/20,Result Declared,Odisha,,,,,,,
Titlagarh,69.0,NABIN KUMAR JAIN,Bharatiya Janata Party,0.0,78.0,0.0,TUKUNI SAHU,Biju Janata Dal,0.0,51.0,0.0,17399,23/23,Result Declared,Odisha,,,,,,,
Udala,31.0,BHASKAR MADHEI,Bharatiya Janata Party,0.0,78.0,0.0,SRINATH SOREN,Biju Janata Dal,0.0,51.0,0.0,6517,21/21,Result Declared,Odisha,,,,,,,
Umerkote,73.0,NITYANANDA GOND,Bharatiya Janata Party,0.0,78.0,0.0,NABINA NAYAK,Biju Janata Dal,0.0,51.0,0.0,10373,23/23,Result Declared,Odisha,,,,,,,
Along (East),31.0,KENTO JINI,Bharatiya Janata Party,0.0,46.0,0.0,JARKAR GAMLIN,People's Party of Arunachal,0.0,2.0,0.0,3158,4/4,Result Declared,Arunachal Pradesh,,,,,,,
Along (West),30.0,TOPIN ETE,Bharatiya Janata Party,0.0,46.0,0.0,NYAMO ETE,National People's Party,0.0,5.0,0.0,1951,4/4,Result Declared,Arunachal Pradesh,,,,,,,
Anini,41.0,MOPI MIHU,Bharatiya Janata Party,0.0,46.0,0.0,ERI TAYU,Independent,0.0,3.0,0.0,1173,5/5,Result Declared,Arunachal Pradesh,,,,,,,
Bameng,8.0,KUMAR WAII,Indian National Congress,0.0,1.0,0.0,DOBA LAMNIO,Bharatiya Janata Party,0.0,46.0,0.0,635,4/4,Result Declared,Arunachal Pradesh,,,,,,,
Basar,29.0,NYABI JINI DIRCHI,Bharatiya Janata Party,0.0,46.0,0.0,GOKAR BASAR,National People's Party,0.0,5.0,0.0,1791,5/5,Result Declared,Arunachal Pradesh,,,,,,,
Bomdila,7.0,DONGRU SIONGJU,Bharatiya Janata Party,0.0,46.0,0.0,,,0.0,,0.0,-,,Uncontested,Arunachal Pradesh,,,,,,,
Bordumsa-Diyun,49.0,NIKH KAMIN,Nationalist Congress Party,0.0,3.0,0.0,SOMLUNG MOSSANG,Bharatiya Janata Party,0.0,46.0,0.0,1352,5/5,Result Declared,Arunachal Pradesh,,,,,,,
Borduria-Bogapani,57.0,WANGLIN LOWANGDONG,Bharatiya Janata Party,0.0,46.0,0.0,JOWANG HOSAI,Nationalist Congress Party,0.0,3.0,0.0,1452,3/3,Result Declared,Arunachal Pradesh,,,,,,,
Changlang(North),53.0,TESAM PONGTE,Bharatiya Janata Party,0.0,46.0,0.0,DIHOM KITNYA,National People's Party,0.0,5.0,0.0,2002,6/6,Result Declared,Arunachal Pradesh,,,,,,,
Changlang(South),52.0,HAMJONG TANGHA,Bharatiya Janata Party,0.0,46.0,0.0,TIMPU NGEMU,National People's Party,0.0,5.0,0.0,1482,6/6,Result Declared,Arunachal Pradesh,,,,,,,
Chayangtajo,9.0,HAYENG MANGFI,Bharatiya Janata Party,0.0,46.0,0.0,KOMPU DOLO,Indian National Congress,0.0,1.0,0.0,6685,4/4,Result Declared,Arunachal Pradesh,,,,,,,
Chowkham,46.0,CHOWNA MEIN,Bharatiya Janata Party,0.0,46.0,0.0,,,0.0,,0.0,-,,Uncontested,Arunachal Pradesh,,,,,,,
Dambuk,42.0,PUINNYO APUM,Bharatiya Janata Party,0.0,46.0,0.0,RAJU TAYENG,People's Party of Arunachal,0.0,2.0,0.0,222,4/4,Result Declared,Arunachal Pradesh,,,,,,,
Daporijo,24.0,TANIYA SOKI,Bharatiya Janata Party,0.0,46.0,0.0,DIKTO YEKAR,National People's Party,0.0,5.0,0.0,228,4/4,Result Declared,Arunachal Pradesh,,,,,,,
Dirang,4.0,PHURPA TSERING,Bharatiya Janata Party,0.0,46.0,0.0,YESHI TSEWANG,National People's Party,0.0,5.0,0.0,1202,6/6,Result Declared,Arunachal Pradesh,,,,,,,
Doimukh,14.0,NABAM VIVEK,People's Party of Arunachal,0.0,2.0,0.0,TANA HALI TARA,Bharatiya Janata Party,0.0,46.0,0.0,2530,3/3,Result Declared,Arunachal Pradesh,,,,,,,
Dumporijo,26.0,RODE BUI,Bharatiya Janata Party,0.0,46.0,0.0,TABE DONI,National People's Party,0.0,5.0,0.0,1591,4/4,Result Declared,Arunachal Pradesh,,,,,,,
Hayuliang,45.0,DASANGLU PUL,Bharatiya Janata Party,0.0,46.0,0.0,,,0.0,,0.0,-,,Uncontested,Arunachal Pradesh,,,,,,,
Itanagar,13.0,TECHI KASO,Bharatiya Janata Party,0.0,46.0,0.0,,,0.0,,0.0,-,,Uncontested,Arunachal Pradesh,,,,,,,
Kalaktang,5.0,TSETEN CHOMBAY KEE,Bharatiya Janata Party,0.0,46.0,0.0,WANGDI DORJEE KHRIMEY,Nationalist Congress Party,0.0,3.0,0.0,2869,6/6,Result Declared,Arunachal Pradesh,,,,,,,
Kanubari,58.0,GABRIEL DENWANG WANGSU,Bharatiya Janata Party,0.0,46.0,0.0,PANJAM WANGSA,National People's Party,0.0,5.0,0.0,2059,4/4,Result Declared,Arunachal Pradesh,,,,,,,
Khonsa (West),56.0,CHAKAT ABOH,Bharatiya Janata Party,0.0,46.0,0.0,YANG SEN MATEY,Nationalist Congress Party,0.0,3.0,0.0,804,3/3,Result Declared,Arunachal Pradesh,,,,,,,
Khonsa(East),55.0,WANGLAM SAWIN,Independent,0.0,,0.0,KAMRANG TESIA,Bharatiya Janata Party,0.0,46.0,0.0,2216,4/4,Result Declared,Arunachal Pradesh,,,,,,,
Koloriang,21.0,PANI TARAM,Bharatiya Janata Party,0.0,46.0,0.0,KAHFA BENGIA,People's Party of Arunachal,0.0,2.0,0.0,10550,5/5,Result Declared,Arunachal Pradesh,,,,,,,
Lekang,48.0,LIKHA SONI,Nationalist Congress Party,0.0,3.0,0.0,CHOW SUJANA NAMCHOOM,Bharatiya Janata Party,0.0,46.0,0.0,654,4/4,Result Declared,Arunachal Pradesh,,,,,,,
Likabali(ST),28.0,KARDO NYIGYOR,Bharatiya Janata Party,0.0,46.0,0.0,MOLI RIBA,Independent,0.0,3.0,0.0,2605,6/6,Result Declared,Arunachal Pradesh,,,,,,,
Liromoba,27.0,PESI JILEN,National People's Party,0.0,,0.0,NYAMAR KARBAK,Bharatiya Janata Party,0.0,46.0,0.0,1698,4/4,Result Declared,Arunachal Pradesh,,,,,,,
Longding-Pumao,59.0,THANGWANG WANGHAM,National People's Party,0.0,,0.0,TANPHO WANGNAW,Bharatiya Janata Party,0.0,46.0,0.0,169,3/3,Result Declared,Arunachal Pradesh,,,,,,,
Lumla,1.0,TSERING LHAMU,Bharatiya Janata Party,0.0,46.0,0.0,JAMPA THIRNLY KUNKHAP,Indian National Congress,0.0,1.0,0.0,1531,5/5,Result Declared,Arunachal Pradesh,,,,,,,
Mariyang,40.0,ONI PANYANG,National People's Party,0.0,,0.0,OLOM PANYANG,Bharatiya Janata Party,0.0,46.0,0.0,673,3/3,Result Declared,Arunachal Pradesh,,,,,,,
Mebo,39.0,OKEN TAYENG,People's Party of Arunachal,0.0,2.0,0.0,LOMBO TAYENG,Bharatiya Janata Party,0.0,46.0,0.0,1017,3/3,Result Declared,Arunachal Pradesh,,,,,,,
Mechuka,33.0,PASANG DORJEE SONA,Bharatiya Janata Party,0.0,46.0,0.0,AJU CHIJE,Nationalist Congress Party,0.0,3.0,0.0,2558,3/3,Result Declared,Arunachal Pradesh,,,,,,,
Miao,50.0,KAMLUNG MOSANG,Bharatiya Janata Party,0.0,46.0,0.0,CHATU LONGRI,Indian National Congress,0.0,1.0,0.0,3127,6/6,Result Declared,Arunachal Pradesh,,,,,,,
Mukto,3.0,PEMA KHANDU,Bharatiya Janata Party,0.0,46.0,0.0,,,0.0,,0.0,-,,Uncontested,Arunachal Pradesh,,,,,,,
Nacho,22.0,NAKAP NALO,Bharatiya Janata Party,0.0,46.0,0.0,TANGA BYALING,Indian National Congress,0.0,1.0,0.0,1373,4/4,Result Declared,Arunachal Pradesh,,,,,,,
Nampong,51.0,LAISAM SIMAI,Independent,0.0,,0.0,IZMIR TIKHAK,Bharatiya Janata Party,0.0,46.0,0.0,68,6/6,Result Declared,Arunachal Pradesh,,,,,,,
Namsai,47.0,CHAU ZINGNU NAMCHOOM,Bharatiya Janata Party,0.0,46.0,0.0,LIKHA SAAYA,Nationalist Congress Party,0.0,3.0,0.0,8556,6/6,Result Declared,Arunachal Pradesh,,,,,,,
Namsang,54.0,WANGKI LOWANG,Bharatiya Janata Party,0.0,46.0,0.0,NGONGLIN BOI,Nationalist Congress Party,0.0,3.0,0.0,56,4/4,Result Declared,Arunachal Pradesh,,,,,,,
Nari Koyu(ST),36.0,TOJIR KADU,Bharatiya Janata Party,0.0,46.0,0.0,GEGONG APANG,Arunachal Democratic Party,0.0,,0.0,1649,5/5,Result Declared,Arunachal Pradesh,,,,,,,
Nyapin,19.0,TAI NIKIO,Bharatiya Janata Party,0.0,46.0,0.0,TADAR MANGKU,People's Party of Arunachal,0.0,2.0,0.0,1182,5/5,Result Declared,Arunachal Pradesh,,,,,,,
Pakke-Kessang,12.0,BIYURAM WAHGE,Bharatiya Janata Party,0.0,46.0,0.0,TECHI HEMU,Nationalist Congress Party,0.0,3.0,0.0,813,2/2,Result Declared,Arunachal Pradesh,,,,,,,
Palin,18.0,BALO RAJA,Bharatiya Janata Party,0.0,46.0,0.0,MAYU TARING,National People's Party,0.0,5.0,0.0,5040,3/3,Result Declared,Arunachal Pradesh,,,,,,,
Pangin,35.0,OJING TASING,Bharatiya Janata Party,0.0,46.0,0.0,TAPANG TALOH,Nationalist Congress Party,0.0,3.0,0.0,2594,5/5,Result Declared,Arunachal Pradesh,,,,,,,
Pasighat(East),38.0,TAPI DARANG,National People's Party,0.0,,0.0,KALING MOYONG,Bharatiya Janata Party,0.0,46.0,0.0,321,5/5,Result Declared,Arunachal Pradesh,,,,,,,
Pasighat(West),37.0,NINONG ERING,Bharatiya Janata Party,0.0,46.0,0.0,TAPYAM PADA,Nationalist Congress Party,0.0,3.0,0.0,2871,4/4,Result Declared,Arunachal Pradesh,,,,,,,
Pongchau-Wakka,60.0,HONCHUN NGANDAM,Bharatiya Janata Party,0.0,46.0,0.0,HOLAI WANGSA,Independent,0.0,3.0,0.0,4662,4/4,Result Declared,Arunachal Pradesh,,,,,,,
Raga,25.0,ROTOM TEBIN,Bharatiya Janata Party,0.0,46.0,0.0,AJAY MURTEM,National People's Party,0.0,5.0,0.0,2934,4/4,Result Declared,Arunachal Pradesh,,,,,,,
Roing,43.0,MUTCHU MITHI,Bharatiya Janata Party,0.0,46.0,0.0,,,0.0,,0.0,-,,Uncontested,Arunachal Pradesh,,,,,,,
Rumgong,32.0,TALEM TABOH,Bharatiya Janata Party,0.0,46.0,0.0,TAJA BONUNG,National People's Party,0.0,5.0,0.0,1182,4/4,Result Declared,Arunachal Pradesh,,,,,,,
Sagalee,15.0,RATU TECHI,Bharatiya Janata Party,0.0,46.0,0.0,,,0.0,,0.0,-,,Uncontested,Arunachal Pradesh,,,,,,,
Seppa (East),10.0,EALING TALLANG,Bharatiya Janata Party,0.0,46.0,0.0,TAME GYADI,Indian National Congress,0.0,1.0,0.0,5600,4/4,Result Declared,Arunachal Pradesh,,,,,,,
Seppa (West),11.0,MAMA NATUNG,Bharatiya Janata Party,0.0,46.0,0.0,TANI LOFFA,National People's Party,0.0,5.0,0.0,1249,3/3,Result Declared,Arunachal Pradesh,,,,,,,
Tali,20.0,JIKKE TAKO,Bharatiya Janata Party,0.0,46.0,0.0,,,0.0,,0.0,-,,Uncontested,Arunachal Pradesh,,,,,,,
Taliha,23.0,NYATO DUKAM,Bharatiya Janata Party,0.0,46.0,0.0,,,0.0,,0.0,-,,Uncontested,Arunachal Pradesh,,,,,,,
Tawang,2.0,NAMGEY TSERING,National People's Party,0.0,,0.0,TSERING DORJEE,Bharatiya Janata Party,0.0,46.0,0.0,996,4/4,Result Declared,Arunachal Pradesh,,,,,,,
Tezu,44.0,DR. MOHESH CHAI,Bharatiya Janata Party,0.0,46.0,0.0,KARIKHO KRI,National People's Party,0.0,5.0,0.0,2805,3/3,Result Declared,Arunachal Pradesh,,,,,,,
Thrizino-Buragaon,6.0,TENZIN NYIMA GLOW,Independent,0.0,,0.0,KUMSI SIDISOW,Bharatiya Janata Party,0.0,46.0,0.0,400,7/7,Result Declared,Arunachal Pradesh,,,,,,,
Tuting-Yingkiong,34.0,ALO LIBANG,Bharatiya Janata Party,0.0,46.0,0.0,NOBENG BURANG,People's Party of Arunachal,0.0,2.0,0.0,915,5/5,Result Declared,Arunachal Pradesh,,,,,,,
Yachuli,16.0,TOKO TATUNG,Nationalist Congress Party,0.0,3.0,0.0,TABA TEDIR,Bharatiya Janata Party,0.0,46.0,0.0,228,4/4,Result Declared,Arunachal Pradesh,,,,,,,
Ziro-Hapoli,17.0,HAGE APPA,Bharatiya Janata Party,0.0,46.0,0.0,,,0.0,,0.0,,,Uncontested,Arunachal Pradesh,,,,,,,
ARITHANG,26.0,ARUN KUMAR UPRETI,Sikkim Krantikari Morcha,0.0,31.0,0.0,ASHIS RAI,Sikkim Democratic Front,0.0,1.0,0.0,2729,45354,Result Declared,Sikkim,,,,,,,
BARFUNG,9.0,RIKSHAL DORJEE BHUTIA,Sikkim Krantikari Morcha,0.0,31.0,0.0,BHAICHUNG BHUTIA,Sikkim Democratic Front,0.0,1.0,0.0,4346,45354,Result Declared,Sikkim,,,,,,,
CHUJACHEN,20.0,PURAN KR. GURUNG,Sikkim Krantikari Morcha,0.0,31.0,0.0,MANI KUMAR GURUNG,Sikkim Democratic Front,0.0,1.0,0.0,3334,45386,Result Declared,Sikkim,,,,,,,
DARAMDIN,6.0,MINGMA NORBU SHERPA,Sikkim Krantikari Morcha,0.0,31.0,0.0,PEM NORBU SHERPA,Sikkim Democratic Front,0.0,1.0,0.0,5975,45354,Result Declared,Sikkim,,,,,,,
DJONGU,30.0,PINTSO NAMGYAL LEPCHA,Sikkim Krantikari Morcha,0.0,31.0,0.0,SONAM GYATSO LEPCHA,Sikkim Democratic Front,0.0,1.0,0.0,5007,45417,Result Declared,Sikkim,,,,,,,
GANGTOK,27.0,DELAY NAMGYAL BARFUNGPA,Sikkim Krantikari Morcha,0.0,31.0,0.0,PINTSO CHOPEL LEPCHA,Sikkim Democratic Front,0.0,1.0,0.0,2692,45354,Result Declared,Sikkim,,,,,,,
GNATHANG-MACHONG,21.0,PAMIN LEPCHA,Sikkim Krantikari Morcha,0.0,31.0,0.0,TSHERING WANGDI LEPCHA,Sikkim Democratic Front,0.0,1.0,0.0,3807,45354,Result Declared,Sikkim,,,,,,,
GYALSHING-BARNYAK,4.0,LOK NATH SHARMA,Sikkim Krantikari Morcha,0.0,31.0,0.0,KHUSANDRA PRASAD SHARMA,Independent,0.0,0.0,0.0,963,45354,Result Declared,Sikkim,,,,,,,
KABI LUNGCHUK,29.0,THENLAY TSHERING BHUTIA,Sikkim Krantikari Morcha,0.0,31.0,0.0,GNAWO CHOPEL LEPCHA,Sikkim Democratic Front,0.0,1.0,0.0,1693,45386,Result Declared,Sikkim,,,,,,,
KHAMDONG-SINGTAM,17.0,NAR BAHADUR DAHAL,Sikkim Krantikari Morcha,0.0,31.0,0.0,MANI KUMAR SHARMA,Sikkim Democratic Front,0.0,1.0,0.0,1739,45354,Result Declared,Sikkim,,,,,,,
LACHEN MANGAN,31.0,SAMDUP LEPCHA,Sikkim Krantikari Morcha,0.0,31.0,0.0,HISHEY LACHUNGPA,Sikkim Democratic Front,0.0,1.0,0.0,851,45354,Result Declared,Sikkim,,,,,,,
MANEYBONG-DENTAM,3.0,SUDESH KUMAR SUBBA,Sikkim Krantikari Morcha,0.0,31.0,0.0,TIKA RAM CHETTRI,Sikkim Democratic Front,0.0,1.0,0.0,6039,45354,Result Declared,Sikkim,,,,,,,
MARTAM-RUMTEK,24.0,SONAM TSH. VENCHUNGPA,Sikkim Krantikari Morcha,0.0,31.0,0.0,MECHUNG BHUTIA,Sikkim Democratic Front,0.0,1.0,0.0,2762,45386,Result Declared,Sikkim,,,,,,,
MELLI,12.0,NAR BAHADUR PRADHAN,Sikkim Krantikari Morcha,0.0,31.0,0.0,GANESH KUMAR RAI,Citizen Action Party-Sikkim,0.0,0.0,0.0,4283,45354,Result Declared,Sikkim,,,,,,,
NAMCHEYBUNG,22.0,RAJU BASNET,Sikkim Krantikari Morcha,0.0,31.0,0.0,PAWAN KUMAR CHAMLING,Sikkim Democratic Front,0.0,1.0,0.0,2256,45386,Result Declared,Sikkim,,,,,,,
NAMCHI-SINGHITHANG,11.0,KRISHNA KUMARI RAI,Sikkim Krantikari Morcha,0.0,31.0,0.0,BIMAL RAI,Sikkim Democratic Front,0.0,1.0,0.0,5302,45354,Result Declared,Sikkim,,,,,,,
NAMTHANG-RATEYPANI,13.0,SANJEET KHAREL,Sikkim Krantikari Morcha,0.0,31.0,0.0,SUMAN PRADHAN,Sikkim Democratic Front,0.0,1.0,0.0,5605,45354,Result Declared,Sikkim,,,,,,,
POKLOK-KAMRANG,10.0,BHOJ RAJ RAI,Sikkim Krantikari Morcha,0.0,31.0,0.0,PAWAN KUMAR CHAMLING,Sikkim Democratic Front,0.0,1.0,0.0,3063,45354,Result Declared,Sikkim,,,,,,,
RANGANG-YANGANG,15.0,RAJ KUMARI THAPA,Sikkim Krantikari Morcha,0.0,31.0,0.0,MANI KUMAR SUBBA,Sikkim Democratic Front,0.0,1.0,0.0,1201,45354,Result Declared,Sikkim,,,,,,,
RHENOCK,19.0,P S TAMANG,Sikkim Krantikari Morcha,0.0,31.0,0.0,SOM NATH POUDYAL,Sikkim Democratic Front,0.0,1.0,0.0,7044,45354,Result Declared,Sikkim,,,,,,,
RINCHENPONG,5.0,ERUNG TENZING LEPCHA,Sikkim Krantikari Morcha,0.0,31.0,0.0,NORDEN BHUTIA,Sikkim Democratic Front,0.0,1.0,0.0,6400,45354,Result Declared,Sikkim,,,,,,,
SALGHARI-ZOOM,8.0,MADAN CINTURY,Sikkim Krantikari Morcha,0.0,31.0,0.0,JANGA BIR DARNAL,Sikkim Democratic Front,0.0,1.0,0.0,2712,45354,Result Declared,Sikkim,,,,,,,
SANGHA,32.0,SONAM LAMA,Sikkim Krantikari Morcha,0.0,31.0,0.0,TSETEN TASHI BHUTIA,Bharatiya Janata Party,0.0,0.0,0.0,865,45354,Result Declared,Sikkim,,,,,,,
SHYARI,23.0,TENZING NORBU LAMTHA,Sikkim Democratic Front,0.0,1.0,0.0,KUNGA NIMA LEPCHA,Sikkim Krantikari Morcha,0.0,31.0,0.0,1314,45354,Result Declared,Sikkim,,,,,,,
SORENG-CHAKUNG,7.0,P S TAMANG,Sikkim Krantikari Morcha,0.0,31.0,0.0,DR. A D SUBBA,Sikkim Democratic Front,0.0,1.0,0.0,7396,45354,Result Declared,Sikkim,,,,,,,
TEMI-NAMPHING,14.0,BEDU SINGH PANTH,Sikkim Krantikari Morcha,0.0,31.0,0.0,SUMAN KUMAR TEWARI,Sikkim Democratic Front,0.0,1.0,0.0,3558,45354,Result Declared,Sikkim,,,,,,,
TUMEN-LINGI,16.0,SAMDUP TSHERING BHUTIA,Sikkim Krantikari Morcha,0.0,31.0,0.0,NORZONG LEPCHA,Sikkim Democratic Front,0.0,1.0,0.0,4088,45354,Result Declared,Sikkim,,,,,,,
UPPER BURTUK,28.0,KALA RAI,Sikkim Krantikari Morcha,0.0,31.0,0.0,DILLI RAM THAPA,Bharatiya Janata Party,0.0,0.0,0.0,2568,45354,Result Declared,Sikkim,,,,,,,
UPPER TADONG,25.0,G.T. DHUNGEL,Sikkim Krantikari Morcha,0.0,31.0,0.0,DR. CHANDRA BAHADUR CHETTRI,Sikkim Democratic Front,0.0,1.0,0.0,4089,45354,Result Declared,Sikkim,,,,,,,
WEST PENDAM,18.0,LALL BAHADUR DAS,Sikkim Krantikari Morcha,0.0,31.0,0.0,ANUP THATAL,Sikkim Democratic Front,0.0,1.0,0.0,1952,45354,Result Declared,Sikkim,,,,,,,
YANGTHANG,2.0,BHIM HANG LIMBOO,Sikkim Krantikari Morcha,0.0,31.0,0.0,KESHAM LIMBOO,Sikkim Democratic Front,0.0,1.0,0.0,2556,45354,Result Declared,Sikkim,,,,,,,
YUKSOM TASHIDING,1.0,TSHERING THENDUP BHUTIA,Sikkim Krantikari Morcha,0.0,31.0,0.0,MEEWANG GYATSO BHUTIA,Sikkim Democratic Front,0.0,1.0,0.0,4812,45354,Result Declared,Sikkim,,,,,,,
,,,,,,,,,,,,,,,Bye Election,Agiaon(Bihar),PRABHUNATH PRASAD,Janata Dal (United),43334.0,291.0,43625.0,31.66
,,,,,,,,,,,,,,,Bye Election,Agiaon(Bihar),SHIV PRAKASH RANJAN,Communist Party of India (Marxist-Leninist) (Liberation),73191.0,269.0,73460.0,53.31
,,,,,,,,,,,,,,,Bye Election,Agiaon(Bihar),UPENDRA KUMAR S/O - CHANDESHWAR RAM,Independent,6414.0,4.0,6418.0,4.66
,,,,,,,,,,,,,,,Bye Election,Agiaon(Bihar),UPENDRA KUMAR S/O- VAIJNATH RAM,Independent,1380.0,3.0,1383.0,1.0
,,,,,,,,,,,,,,,Bye Election,Agiaon(Bihar),PRADEEP KUMAR,Independent,1296.0,8.0,1304.0,0.95
,,,,,,,,,,,,,,,Bye Election,Agiaon(Bihar),BHIKHARI RAM,Independent,1044.0,4.0,1048.0,0.76
,,,,,,,,,,,,,,,Bye Election,Agiaon(Bihar),VIJAY MEHRA,Independent,1493.0,2.0,1495.0,1.08
,,,,,,,,,,,,,,,Bye Election,Agiaon(Bihar),SARASWATI DEVI,Independent,1810.0,11.0,1821.0,1.32
,,,,,,,,,,,,,,,Bye Election,Agiaon(Bihar),SONU KUMAR,Independent,3315.0,7.0,3322.0,2.41
,,,,,,,,,,,,,,,Bye Election,Agiaon(Bihar),NOTA,None of the Above,3909.0,22.0,3931.0,2.85
,,,,,,,,,,,,,,,Bye Election,Vijapur(Gujarat),DR. C. J. CHAVDA,Bharatiya Janata Party,99083.0,1558.0,100641.0,67.49
,,,,,,,,,,,,,,,Bye Election,Vijapur(Gujarat),DINESHBHAI TULSIBHAI PATEL,Indian National Congress,43393.0,1020.0,44413.0,29.78
,,,,,,,,,,,,,,,Bye Election,Vijapur(Gujarat),ANKITKUMAR HARSHADBHAI GOHIL,Independent,960.0,4.0,964.0,0.65
,,,,,,,,,,,,,,,Bye Election,Vijapur(Gujarat),CHAUHAN DINUSINH LAXMANSINH,Independent,367.0,11.0,378.0,0.25
,,,,,,,,,,,,,,,Bye Election,Vijapur(Gujarat),CHAUHAN HARSHADKUMAR PURUSHOTTAMBHAI,Independent,313.0,1.0,314.0,0.21
,,,,,,,,,,,,,,,Bye Election,Vijapur(Gujarat),PATEL TRUSHALKUMAR ARVINDBHAI,Independent,532.0,11.0,543.0,0.36
,,,,,,,,,,,,,,,Bye Election,Vijapur(Gujarat),PARMAR ARVINDBHAI JIVANBHAI,Independent,316.0,5.0,321.0,0.22
,,,,,,,,,,,,,,,Bye Election,Vijapur(Gujarat),SAIYAD MUNAFALI KADARALI,Independent,346.0,1.0,347.0,0.23
,,,,,,,,,,,,,,,Bye Election,Vijapur(Gujarat),NOTA,None of the Above,1140.0,55.0,1195.0,0.8
,,,,,,,,,,,,,,,Bye Election,Porbandar(Gujarat),ARJUN DEVABHAI MODHWADIA,Bharatiya Janata Party,131854.0,1309.0,133163.0,85.96
,,,,,,,,,,,,,,,Bye Election,Porbandar(Gujarat),ODEDARA RAJU BHIMA,Indian National Congress,16096.0,259.0,16355.0,10.56
,,,,,,,,,,,,,,,Bye Election,Porbandar(Gujarat),RASIK GHELA MANGERA,Viro Ke Vir Indian Party,785.0,21.0,806.0,0.52
,,,,,,,,,,,,,,,Bye Election,Porbandar(Gujarat),ASHVIN DEVAJI MOTIVARAS,Independent,470.0,7.0,477.0,0.31
,,,,,,,,,,,,,,,Bye Election,Porbandar(Gujarat),JUNGI JIVANBHAI RANCHHODBHAI,Independent,1077.0,12.0,1089.0,0.7
,,,,,,,,,,,,,,,Bye Election,Porbandar(Gujarat),DILAWAR LAKHABHAI JOKHIA,Independent,383.0,3.0,386.0,0.25
,,,,,,,,,,,,,,,Bye Election,Porbandar(Gujarat),NOTA,None of the Above,2558.0,75.0,2633.0,1.7
,,,,,,,,,,,,,,,Bye Election,Manavadar(Gujarat),ARVINDBHAI JINABHAI LADANI,Bharatiya Janata Party,80898.0,1119.0,82017.0,60.03
,,,,,,,,,,,,,,,Bye Election,Manavadar(Gujarat),HARIBHAI GOVINDBHAI KANSAGARA,Indian National Congress,50101.0,900.0,51001.0,37.33
,,,,,,,,,,,,,,,Bye Election,Manavadar(Gujarat),PARMAR MAHESH RAMJIBHAI,Independent,1057.0,16.0,1073.0,0.79
,,,,,,,,,,,,,,,Bye Election,Manavadar(Gujarat),SOLANKI UMEDBHAI JENTIBHAI,Independent,593.0,4.0,597.0,0.44
,,,,,,,,,,,,,,,Bye Election,Manavadar(Gujarat),NOTA,None of the Above,1849.0,101.0,1950.0,1.43
,,,,,,,,,,,,,,,Bye Election,Khambhat(Gujarat),CHIRAGKUMAR ARVINDBHAI PATEL,Bharatiya Janata Party,87707.0,750.0,88457.0,56.3
,,,,,,,,,,,,,,,Bye Election,Khambhat(Gujarat),MAHENDRASINH HARISINH PARMAR,Indian National Congress,49505.0,624.0,50129.0,31.91
,,,,,,,,,,,,,,,Bye Election,Khambhat(Gujarat),CHAUHAN MAHIPATSINH KESARISINH,Independent,15631.0,185.0,15816.0,10.07
,,,,,,,,,,,,,,,Bye Election,Khambhat(Gujarat),MANUBHAI JETHABHAI VANKAR,Independent,795.0,11.0,806.0,0.51
,,,,,,,,,,,,,,,Bye Election,Khambhat(Gujarat),NOTA,None of the Above,1886.0,23.0,1909.0,1.22
,,,,,,,,,,,,,,,Bye Election,Vaghodia(Gujarat),KANUBHAI PUNJABHAI GOHIL,Indian National Congress,45144.0,194.0,45338.0,25.65
,,,,,,,,,,,,,,,Bye Election,Vaghodia(Gujarat),DHARMENDRASINH VAGHELA (BAPU),Bharatiya Janata Party,126905.0,541.0,127446.0,72.1
,,,,,,,,,,,,,,,Bye Election,Vaghodia(Gujarat),NOTA,None of the Above,3943.0,29.0,3972.0,2.25
,,,,,,,,,,,,,,,Bye Election,KARNAL(Haryana),TARLOCHAN SINGH,Indian National Congress,53231.0,233.0,53464.0,35.13
,,,,,,,,,,,,,,,Bye Election,KARNAL(Haryana),NAYAB SINGH,Bharatiya Janata Party,94714.0,290.0,95004.0,62.43
,,,,,,,,,,,,,,,Bye Election,KARNAL(Haryana),RAJINDER,Jannayak Janta Party,1072.0,1.0,1073.0,0.71
,,,,,,,,,,,,,,,Bye Election,KARNAL(Haryana),TILAK RAJ SINGLA,Rashtriya Garib Dal,331.0,0.0,331.0,0.22
,,,,,,,,,,,,,,,Bye Election,KARNAL(Haryana),ROHATASH,Rashtriya Mazdoor Ekta Party,252.0,0.0,252.0,0.17
,,,,,,,,,,,,,,,Bye Election,KARNAL(Haryana),SURESH KUMAR,Peoples Party of India (Democratic),279.0,0.0,279.0,0.18
,,,,,,,,,,,,,,,Bye Election,KARNAL(Haryana),RAJENDER ARYA DADUPUR,Independent,212.0,2.0,214.0,0.14
,,,,,,,,,,,,,,,Bye Election,KARNAL(Haryana),SHAMSHER SINGH NAIN,Independent,143.0,1.0,144.0,0.09
,,,,,,,,,,,,,,,Bye Election,KARNAL(Haryana),ENGG. SURESH KUMAR,Independent,296.0,2.0,298.0,0.2
,,,,,,,,,,,,,,,Bye Election,KARNAL(Haryana),NOTA,None of the Above,1106.0,7.0,1113.0,0.73
,,,,,,,,,,,,,,,Bye Election,DHARAMSHALA(Himachal Pradesh),DEVINDER SINGH (JAGGI),Indian National Congress,21918.0,622.0,22540.0,36.19
,,,,,,,,,,,,,,,Bye Election,DHARAMSHALA(Himachal Pradesh),SUDHIR SHARMA,Bharatiya Janata Party,27529.0,537.0,28066.0,45.06
,,,,,,,,,,,,,,,Bye Election,DHARAMSHALA(Himachal Pradesh),RAKESH CHAUDHARY,Independent,10637.0,133.0,10770.0,17.29
,,,,,,,,,,,,,,,Bye Election,DHARAMSHALA(Himachal Pradesh),SATISH KUMAR,Independent,409.0,13.0,422.0,0.68
,,,,,,,,,,,,,,,Bye Election,DHARAMSHALA(Himachal Pradesh),NOTA,None of the Above,471.0,11.0,482.0,0.77
,,,,,,,,,,,,,,,Bye Election,LAHAUL & SPITI(Himachal Pradesh),ANURADHA RANA,Indian National Congress,8877.0,537.0,9414.0,47.09
,,,,,,,,,,,,,,,Bye Election,LAHAUL & SPITI(Himachal Pradesh),RAVI THAKUR,Bharatiya Janata Party,2934.0,115.0,3049.0,15.25
,,,,,,,,,,,,,,,Bye Election,LAHAUL & SPITI(Himachal Pradesh),DR. RAM LAL MARKANDA,Independent,7091.0,363.0,7454.0,37.28
,,,,,,,,,,,,,,,Bye Election,LAHAUL & SPITI(Himachal Pradesh),NOTA,None of the Above,75.0,1.0,76.0,0.38
,,,,,,,,,,,,,,,Bye Election,SUJANPUR(Himachal Pradesh),CAPTAIN RANJIT SINGH,Indian National Congress,28577.0,952.0,29529.0,51.4
,,,,,,,,,,,,,,,Bye Election,SUJANPUR(Himachal Pradesh),RAJINDER RANA,Bharatiya Janata Party,26403.0,686.0,27089.0,47.16
,,,,,,,,,,,,,,,Bye Election,SUJANPUR(Himachal Pradesh),RAVINDER SINGH DOGRA,Nationalist Congress Party,314.0,20.0,334.0,0.58
,,,,,,,,,,,,,,,Bye Election,SUJANPUR(Himachal Pradesh),ANIL RANA,Independent,132.0,2.0,134.0,0.23
,,,,,,,,,,,,,,,Bye Election,SUJANPUR(Himachal Pradesh),RAJESH KUMAR,Independent,45.0,1.0,46.0,0.08
,,,,,,,,,,,,,,,Bye Election,SUJANPUR(Himachal Pradesh),SHER SINGH,Independent,66.0,5.0,71.0,0.12
,,,,,,,,,,,,,,,Bye Election,SUJANPUR(Himachal Pradesh),NOTA,None of the Above,235.0,6.0,241.0,0.42
,,,,,,,,,,,,,,,Bye Election,BARSAR(Himachal Pradesh),INDER DUTT LAKHANPAL,Bharatiya Janata Party,32174.0,912.0,33086.0,51.04
,,,,,,,,,,,,,,,Bye Election,BARSAR(Himachal Pradesh),SUBHASH CHAND,Indian National Congress,29857.0,1104.0,30961.0,47.76
,,,,,,,,,,,,,,,Bye Election,BARSAR(Himachal Pradesh),VISHAL SHARMA,Independent,430.0,22.0,452.0,0.7
,,,,,,,,,,,,,,,Bye Election,BARSAR(Himachal Pradesh),NOTA,None of the Above,310.0,13.0,323.0,0.5
,,,,,,,,,,,,,,,Bye Election,GAGRET(Himachal Pradesh),CHAITANYA SHARMA,Bharatiya Janata Party,26815.0,466.0,27281.0,42.08
,,,,,,,,,,,,,,,Bye Election,GAGRET(Himachal Pradesh),RAKESH KALIA,Indian National Congress,34785.0,983.0,35768.0,55.17
,,,,,,,,,,,,,,,Bye Election,GAGRET(Himachal Pradesh),AMIT VASHISHT,Independent,559.0,11.0,570.0,0.88
,,,,,,,,,,,,,,,Bye Election,GAGRET(Himachal Pradesh),ASHOK SONKHALA (MIKKI),Independent,319.0,4.0,323.0,0.5
,,,,,,,,,,,,,,,Bye Election,GAGRET(Himachal Pradesh),MANOHAR LAL SHARMA,Independent,282.0,6.0,288.0,0.44
,,,,,,,,,,,,,,,Bye Election,GAGRET(Himachal Pradesh),NOTA,None of the Above,599.0,7.0,606.0,0.93
,,,,,,,,,,,,,,,Bye Election,KUTLEHAR(Himachal Pradesh),DAVINDER KUMAR (BHUTTO),Bharatiya Janata Party,30841.0,656.0,31497.0,45.5
,,,,,,,,,,,,,,,Bye Election,KUTLEHAR(Himachal Pradesh),VIVEK SHARMA (VICKU),Indian National Congress,35728.0,1125.0,36853.0,53.24
,,,,,,,,,,,,,,,Bye Election,KUTLEHAR(Himachal Pradesh),CHANCHAL SINGH,Independent,290.0,10.0,300.0,0.43
,,,,,,,,,,,,,,,Bye Election,KUTLEHAR(Himachal Pradesh),RAJEEV SHARMA,Independent,228.0,6.0,234.0,0.34
,,,,,,,,,,,,,,,Bye Election,KUTLEHAR(Himachal Pradesh),NOTA,None of the Above,337.0,4.0,341.0,0.49
,,,,,,,,,,,,,,,Bye Election,31 - Gandey(Jharkhand),KALPANA MURMU SOREN,Jharkhand Mukti Morcha,109085.0,742.0,109827.0,50.54
,,,,,,,,,,,,,,,Bye Election,32 - Gandey(Jharkhand),DILIP KUMAR VERMA,Bharatiya Janata Party,82284.0,394.0,82678.0,38.05
,,,,,,,,,,,,,,,Bye Election,33 - Gandey(Jharkhand),INTEKHAB ANSARI,All India Majlis-E-Ittehadul Muslimeen,4758.0,6.0,4764.0,2.19
,,,,,,,,,,,,,,,Bye Election,34 - Gandey(Jharkhand),TAHIR ANSARI,Rashtriya Samanta Dal,1029.0,1.0,1030.0,0.47
,,,,,,,,,,,,,,,Bye Election,35 - Gandey(Jharkhand),ARJUN BAITHA,Independent,6933.0,27.0,6960.0,3.2
,,,,,,,,,,,,,,,Bye Election,36 - Gandey(Jharkhand),AWADHESH KUMAR SINGH,Independent,1134.0,4.0,1138.0,0.52
,,,,,,,,,,,,,,,Bye Election,37 - Gandey(Jharkhand),MD. KAUSAR AZAD,Independent,2052.0,2.0,2054.0,0.95
,,,,,,,,,,,,,,,Bye Election,38 - Gandey(Jharkhand),GULAB PD VERMA,Independent,793.0,1.0,794.0,0.37
,,,,,,,,,,,,,,,Bye Election,39 - Gandey(Jharkhand),MD. SHABBIR ANSARI,Independent,756.0,0.0,756.0,0.35
,,,,,,,,,,,,,,,Bye Election,40 - Gandey(Jharkhand),SHAHADAT ANSARI,Independent,1079.0,1.0,1080.0,0.5
,,,,,,,,,,,,,,,Bye Election,41 - Gandey(Jharkhand),MD. SAYEED ALAM,Independent,1976.0,12.0,1988.0,0.91
,,,,,,,,,,,,,,,Bye Election,42 - Gandey(Jharkhand),NOTA,None of the Above,4214.0,5.0,4219.0,1.94
,,,,,,,,,,,,,,,Bye Election,Shorapur(Karnataka),NARASIMHA NAYAK,Bharatiya Janata Party,96052.0,514.0,96566.0,44.85
,,,,,,,,,,,,,,,Bye Election,Shorapur(Karnataka),RAJA VENUGOPAL NAIK,Indian National Congress,114290.0,596.0,114886.0,53.36
,,,,,,,,,,,,,,,Bye Election,Shorapur(Karnataka),ASHOKA,Independent,1612.0,0.0,1612.0,0.75
,,,,,,,,,,,,,,,Bye Election,Shorapur(Karnataka),VENUGOPAL,Independent,512.0,2.0,514.0,0.24
,,,,,,,,,,,,,,,Bye Election,Shorapur(Karnataka),VENKATAPPA NAYAK,Independent,447.0,0.0,447.0,0.21
,,,,,,,,,,,,,,,Bye Election,Shorapur(Karnataka),SHASHIKUMAR,Independent,426.0,0.0,426.0,0.2
,,,,,,,,,,,,,,,Bye Election,Shorapur(Karnataka),NOTA,None of the Above,844.0,4.0,848.0,0.39
,,,,,,,,,,,,,,,Bye Election,BAGIDORA(Rajasthan),KAPURSINGH,Indian National Congress,8881.0,23.0,8904.0,4.25
,,,,,,,,,,,,,,,Bye Election,BAGIDORA(Rajasthan),SUBHASH TAMBOLIYA,Bharatiya Janata Party,70115.0,1024.0,71139.0,33.92
,,,,,,,,,,,,,,,Bye Election,BAGIDORA(Rajasthan),JAIKRISHN PATEL,Bharat Adivasi Party,121423.0,1150.0,122573.0,58.45
,,,,,,,,,,,,,,,Bye Election,BAGIDORA(Rajasthan),NOTA,None of the Above,7080.0,12.0,7092.0,3.38
,,,,,,,,,,,,,,,Bye Election,Vilavancode(Tamil Nadu),THARAHAI CUTHBERT,Indian National Congress,89387.0,1667.0,91054.0,57.71
,,,,,,,,,,,,,,,Bye Election,Vilavancode(Tamil Nadu),NANTHINI V S,Bharatiya Janata Party,50008.0,872.0,50880.0,32.25
,,,,,,,,,,,,,,,Bye Election,Vilavancode(Tamil Nadu),RANI U,All India Anna Dravida Munnetra Kazhagam,5178.0,89.0,5267.0,3.34
,,,,,,,,,,,,,,,Bye Election,Vilavancode(Tamil Nadu),JEMINI R,Naam Tamilar Katchi,7929.0,221.0,8150.0,5.17
,,,,,,,,,,,,,,,Bye Election,Vilavancode(Tamil Nadu),OM PRAKASH A,Independent,164.0,3.0,167.0,0.11
,,,,,,,,,,,,,,,Bye Election,Vilavancode(Tamil Nadu),THANGAPPAN C,Independent,105.0,5.0,110.0,0.07
,,,,,,,,,,,,,,,Bye Election,Vilavancode(Tamil Nadu),MANAVAI KANNAN M,Independent,175.0,3.0,178.0,0.11
,,,,,,,,,,,,,,,Bye Election,Vilavancode(Tamil Nadu),MOHAN KUMAR M,Independent,609.0,8.0,617.0,0.39
,,,,,,,,,,,,,,,Bye Election,Vilavancode(Tamil Nadu),VIJAYA KUMAR C,Independent,142.0,2.0,144.0,0.09
,,,,,,,,,,,,,,,Bye Election,Vilavancode(Tamil Nadu),SHAJIN R,Independent,285.0,5.0,290.0,0.18
,,,,,,,,,,,,,,,Bye Election,Vilavancode(Tamil Nadu),NOTA,None of the Above,892.0,27.0,919.0,0.58
,,,,,,,,,,,,,,,Bye Election,Secunderabad Cantt(Telangana),NIVEDITHA SAYANNA,Bharat Rashtra Samithi,34221.0,241.0,34462.0,26.25
,,,,,,,,,,,,,,,Bye Election,Secunderabad Cantt(Telangana),DR. VAMSHA TILAK T. N.,Bharatiya Janata Party,40241.0,204.0,40445.0,30.8
,,,,,,,,,,,,,,,Bye Election,Secunderabad Cantt(Telangana),SRIGANESH,Indian National Congress,53274.0,377.0,53651.0,40.86
,,,,,,,,,,,,,,,Bye Election,Secunderabad Cantt(Telangana),UPPULATE RAJENDER,Bahujan Mukti Party,223.0,0.0,223.0,0.17
,,,,,,,,,,,,,,,Bye Election,Secunderabad Cantt(Telangana),GUNDATI NARSING RAO,Dharma Samaj Party,114.0,0.0,114.0,0.09
,,,,,,,,,,,,,,,Bye Election,Secunderabad Cantt(Telangana),YADISHWAR NAKKA,Telangana Republican Party,80.0,0.0,80.0,0.06
,,,,,,,,,,,,,,,Bye Election,Secunderabad Cantt(Telangana),EILLANDULA SHANKER,Independent,73.0,1.0,74.0,0.06
,,,,,,,,,,,,,,,Bye Election,Secunderabad Cantt(Telangana),D. KRISHNAVENI,Independent,104.0,1.0,105.0,0.08
,,,,,,,,,,,,,,,Bye Election,Secunderabad Cantt(Telangana),M. JAI RAM,Independent,43.0,0.0,43.0,0.03
,,,,,,,,,,,,,,,Bye Election,Secunderabad Cantt(Telangana),JEEDIMADLA RAJ KUMAR,Independent,44.0,0.0,44.0,0.03
,,,,,,,,,,,,,,,Bye Election,Secunderabad Cantt(Telangana),DUDA MAHIPAL,Independent,110.0,0.0,110.0,0.08
,,,,,,,,,,,,,,,Bye Election,Secunderabad Cantt(Telangana),DANDEM RATHNAM,Independent,131.0,0.0,131.0,0.1
,,,,,,,,,,,,,,,Bye Election,Secunderabad Cantt(Telangana),NAGARAJU BANDARU,Independent,658.0,0.0,658.0,0.5
,,,,,,,,,,,,,,,Bye Election,Secunderabad Cantt(Telangana),M. RAJA HAMSA,Independent,106.0,0.0,106.0,0.08
,,,,,,,,,,,,,,,Bye Election,Secunderabad Cantt(Telangana),M. SANJEEVULU,Independent,78.0,1.0,79.0,0.06
,,,,,,,,,,,,,,,Bye Election,Secunderabad Cantt(Telangana),NOTA,None of the Above,950.0,19.0,969.0,0.74
,,,,,,,,,,,,,,,Bye Election,Ramnagar(Tripura),DIPAK MAJUMDER,Bharatiya Janata Party,24648.0,732.0,25380.0,75.46
,,,,,,,,,,,,,,,Bye Election,Ramnagar(Tripura),RATAN DAS,Communist Party of India (Marxist),7073.0,293.0,7366.0,21.9
,,,,,,,,,,,,,,,Bye Election,Ramnagar(Tripura),NOTA,None of the Above,853.0,34.0,887.0,2.64
,,,,,,,,,,,,,,,Bye Election, Dadraul (Uttar Pradesh),ARVIND KUMAR SINGH,Bharatiya Janata Party,105837.0,135.0,105972.0,48.0
,,,,,,,,,,,,,,,Bye Election, Dadraul (Uttar Pradesh),AVADHESH KUMAR VERMA,Samajwadi Party,88807.0,370.0,89177.0,40.39
,,,,,,,,,,,,,,,Bye Election, Dadraul (Uttar Pradesh),SARVESH CHANDRA MISHRA,Bahujan Samaj Party,20687.0,55.0,20742.0,9.4
,,,,,,,,,,,,,,,Bye Election, Dadraul (Uttar Pradesh),RAMPAL,Rashtriya mahan Gantantra Party,796.0,0.0,796.0,0.36
,,,,,,,,,,,,,,,Bye Election, Dadraul (Uttar Pradesh),SWAM PRAKASH KAUSHAL,Netaji Subhash Chander Bose Rashtriya Azad Party,664.0,0.0,664.0,0.3
,,,,,,,,,,,,,,,Bye Election, Dadraul (Uttar Pradesh),AJIT SHUKLA,Independent,379.0,0.0,379.0,0.17
,,,,,,,,,,,,,,,Bye Election, Dadraul (Uttar Pradesh),ARADHANA MISHRA,Independent,288.0,0.0,288.0,0.13
,,,,,,,,,,,,,,,Bye Election, Dadraul (Uttar Pradesh),SMT. KANCHAN,Independent,573.0,4.0,577.0,0.26
,,,,,,,,,,,,,,,Bye Election, Dadraul (Uttar Pradesh),DAVESH KUMAR,Independent,336.0,1.0,337.0,0.15
,,,,,,,,,,,,,,,Bye Election, Dadraul (Uttar Pradesh),RASHID KHAN,Independent,512.0,0.0,512.0,0.23
,,,,,,,,,,,,,,,Bye Election, Dadraul (Uttar Pradesh),NOTA,None of the Above,1319.0,3.0,1322.0,0.6
,,,,,,,,,,,,,,,Bye Election,Lucknow East (Uttar Pradesh),ALOK KUSHWAHA,Bahujan Samaj Party,8256.0,67.0,8323.0,3.4
,,,,,,,,,,,,,,,Bye Election,Lucknow East (Uttar Pradesh),MUKESH SINGH CHAUHAN,Indian National Congress,88656.0,405.0,89061.0,36.41
,,,,,,,,,,,,,,,Bye Election,Lucknow East (Uttar Pradesh),O. P. SRIVASTAVA,Bharatiya Janata Party,142314.0,634.0,142948.0,58.43
,,,,,,,,,,,,,,,Bye Election,Lucknow East (Uttar Pradesh),VINOD KUMAR BALMIKI,Independent,1589.0,6.0,1595.0,0.65
,,,,,,,,,,,,,,,Bye Election,Lucknow East (Uttar Pradesh),NOTA,None of the Above,2691.0,16.0,2707.0,1.11
,,,,,,,,,,,,,,,Bye Election,Gainsari (Uttar Pradesh),RAKESH KUMAR YADAV,Samajwadi Party,86971.0,149.0,87120.0,46.76
,,,,,,,,,,,,,,,Bye Election,Gainsari (Uttar Pradesh),"SHAILESH KUMAR SINGH ""SHAILU""",Bharatiya Janata Party,77611.0,72.0,77683.0,41.7
,,,,,,,,,,,,,,,Bye Election,Gainsari (Uttar Pradesh),"MOHD. HARIS KHAN ""FIDA BABA""",Bahujan Samaj Party,16960.0,23.0,16983.0,9.12
,,,,,,,,,,,,,,,Bye Election,Gainsari (Uttar Pradesh),MOHD GULJAR AHMAD,Peace Party,1304.0,3.0,1307.0,0.7
,,,,,,,,,,,,,,,Bye Election,Gainsari (Uttar Pradesh),RAM DULARE,Independent,485.0,0.0,485.0,0.26
,,,,,,,,,,,,,,,Bye Election,Gainsari (Uttar Pradesh),LAKSHMAN LAL,Independent,507.0,0.0,507.0,0.27
,,,,,,,,,,,,,,,Bye Election,Gainsari (Uttar Pradesh),SHESHRAM,Independent,855.0,0.0,855.0,0.46
,,,,,,,,,,,,,,,Bye Election,Gainsari (Uttar Pradesh),NOTA,None of the Above,1363.0,1.0,1364.0,0.73
,,,,,,,,,,,,,,,Bye Election,Duddhi (Uttar Pradesh),RAVI SINGH,Bahujan Samaj Party,22366.0,29.0,22395.0,11.37
,,,,,,,,,,,,,,,Bye Election,Duddhi (Uttar Pradesh),VIJAY SINGH,Samajwadi Party,82450.0,337.0,82787.0,42.02
,,,,,,,,,,,,,,,Bye Election,Duddhi (Uttar Pradesh),SARAVAN KUMAR,Bharatiya Janata Party,79432.0,147.0,79579.0,40.39
,,,,,,,,,,,,,,,Bye Election,Duddhi (Uttar Pradesh),DAYASHANKAR SINGH,Gondvana Gantantra Party,2659.0,2.0,2661.0,1.35
,,,,,,,,,,,,,,,Bye Election,Duddhi (Uttar Pradesh),MANOJ KUMAR,Rashtriya Samanta Dal,2300.0,0.0,2300.0,1.17
,,,,,,,,,,,,,,,Bye Election,Duddhi (Uttar Pradesh),DINESH KUMAR,Independent,2043.0,2.0,2045.0,1.04
,,,,,,,,,,,,,,,Bye Election,Duddhi (Uttar Pradesh),NOTA,None of the Above,5249.0,3.0,5252.0,2.67
,,,,,,,,,,,,,,,Bye Election,Bhagawangola (West Bengal),ANJU BEGAM,Indian National Congress,91403.0,76.0,91479.0,41.29
,,,,,,,,,,,,,,,Bye Election,Bhagawangola (West Bengal),BHASKAR SARKAR,Bharatiya Janata Party,17265.0,23.0,17288.0,7.8
,,,,,,,,,,,,,,,Bye Election,Bhagawangola (West Bengal),REYAT HOSSAIN SARKAR,All India Trinamool Congress,107018.0,78.0,107096.0,48.34
,,,,,,,,,,,,,,,Bye Election,Bhagawangola (West Bengal),OMAR KHAYYAM (ZIKO),Socialist Unity Centre Of India (COMMUNIST),1092.0,1.0,1093.0,0.49
,,,,,,,,,,,,,,,Bye Election,Bhagawangola (West Bengal),MD MURSHIDUL ALAM,All India Secular Front,2295.0,3.0,2298.0,1.04
,,,,,,,,,,,,,,,Bye Election,Bhagawangola (West Bengal),NASHIM HOSSAIN,Independent,572.0,0.0,572.0,0.26
,,,,,,,,,,,,,,,Bye Election,Bhagawangola (West Bengal),MD. NURUL ISLAM,Independent,463.0,0.0,463.0,0.21
,,,,,,,,,,,,,,,Bye Election,Bhagawangola (West Bengal),NOTA,None of the Above,1252.0,3.0,1255.0,0.57
,,,,,,,,,,,,,,,Bye Election,Baranagar(West Bengal),TANMOY BHATTACHARYA,Communist Party of India (Marxist),26567.0,168.0,26735.0,16.62
,,,,,,,,,,,,,,,Bye Election,Baranagar(West Bengal),SAJAL GHOSH,Bharatiya Janata Party,60881.0,222.0,61103.0,37.98
,,,,,,,,,,,,,,,Bye Election,Baranagar(West Bengal),SAYANTIKA BANERJEE,All India Trinamool Congress,68899.0,352.0,69251.0,43.04
,,,,,,,,,,,,,,,Bye Election,Baranagar(West Bengal),CHITRAPARNA MONDAL,Bharatiya Nyay-Adhikar Raksha Party,510.0,1.0,511.0,0.32
,,,,,,,,,,,,,,,Bye Election,Baranagar(West Bengal),SAMAR KRISHNA SINGHA,Socialist Unity Centre Of India (COMMUNIST),408.0,2.0,410.0,0.25
,,,,,,,,,,,,,,,Bye Election,Baranagar(West Bengal),PRASENJIT DEY,Independent,224.0,0.0,224.0,0.14
,,,,,,,,,,,,,,,Bye Election,Baranagar(West Bengal),SHUBHRANGSHU BHAKTA,Independent,545.0,0.0,545.0,0.34
,,,,,,,,,,,,,,,Bye Election,Baranagar(West Bengal),SAJAL KUMAR GHOSH,Independent,427.0,1.0,428.0,0.27
,,,,,,,,,,,,,,,Bye Election,Baranagar(West Bengal),NOTA,None of the Above,1666.0,12.0,1678.0,1.04
